dataset,method,k,fit_seconds,infer_seconds,metric_seconds,peak_rss_mb,gpu_peak_mb,error,_bio,_batch,_composite,isolated_labels,nmi_ari_cluster_labels_leiden_nmi,nmi_ari_cluster_labels_leiden_ari,silhouette_label,clisi_knn,bras,ilisi_knn,graph_connectivity,Batch correction,Bio conservation,Total,_impl
lung,sparseNMF,1000,202.0949421003461,,1797.9875753745437,0.0,5236.55224609375,,0.6432801211294221,0.4418697505260769,0.5627159728880841,0.5072240829467773,0.7074611024383614,0.47055703260099174,0.5323198437690735,0.9988385438919067,0.7820647954940796,0.037501558661460876,0.506042882521529,0.4418697505260769,0.6432801211294221,0.5627159728880841,scib_metrics_yosef
