{
  "sim2": [
    {
      "dataset": "sim2",
      "method": "sparseNMF",
      "k": 300,
      "fit_seconds": 421.9587965682149,
      "infer_seconds": null,
      "metric_seconds": 233.26087281480432,
      "peak_rss_mb": 0.0,
      "gpu_peak_mb": 7728.5009765625,
      "error": null,
      "_bio": 0.629587725278524,
      "_batch": 0.35099475476146647,
      "_composite": 0.518150537071701,
      "isolated_labels": 0.5510700941085815,
      "nmi_ari_cluster_labels_leiden_nmi": 0.6771834797198899,
      "nmi_ari_cluster_labels_leiden_ari": 0.36991672389746155,
      "silhouette_label": 0.549768328666687,
      "clisi_knn": 1.0,
      "bras": 0.7574015259742737,
      "ilisi_knn": 0.0,
      "graph_connectivity": 0.29558273831012577,
      "Batch correction": 0.35099475476146647,
      "Bio conservation": 0.629587725278524,
      "Total": 0.518150537071701,
      "_impl": "scib_metrics_yosef"
    }
  ]
}