dataset,method,k,fit_seconds,infer_seconds,metric_seconds,peak_rss_mb,gpu_peak_mb,error,_bio,_batch,_composite,isolated_labels,nmi_ari_cluster_labels_leiden_nmi,nmi_ari_cluster_labels_leiden_ari,silhouette_label,clisi_knn,bras,ilisi_knn,graph_connectivity,Batch correction,Bio conservation,Total,_impl
sim2,sparseNMF,300,421.9587965682149,,233.26087281480432,0.0,7728.5009765625,,0.629587725278524,0.35099475476146647,0.518150537071701,0.5510700941085815,0.6771834797198899,0.36991672389746155,0.549768328666687,1.0,0.7574015259742737,0.0,0.29558273831012577,0.35099475476146647,0.629587725278524,0.518150537071701,scib_metrics_yosef
