{
  "isolated_labels": 0.5997642874717712,
  "nmi_ari_cluster_labels_leiden_nmi": 0.713189377659738,
  "nmi_ari_cluster_labels_leiden_ari": 0.42113319572547153,
  "silhouette_label": 0.559185802936554,
  "clisi_knn": 0.9998645186424255,
  "bras": 0.6071010828018188,
  "ilisi_knn": 0.022099239751696587,
  "graph_connectivity": 0.8179828317923231,
  "Batch correction": 0.4823943903698817,
  "Bio conservation": 0.658627436487192,
  "Total": 0.5881342180402679,
  "_metric_seconds": 287.3762885630131,
  "_impl": "scib_metrics_yosef"
}