{
  "isolated_labels": 0.5707060694694519,
  "nmi_ari_cluster_labels_leiden_nmi": 0.6771834797198899,
  "nmi_ari_cluster_labels_leiden_ari": 0.36991672389746155,
  "silhouette_label": 0.5691178441047668,
  "clisi_knn": 1.0,
  "bras": 0.6347358822822571,
  "ilisi_knn": 0.0,
  "graph_connectivity": 0.340112018986957,
  "Batch correction": 0.32494930042307135,
  "Bio conservation": 0.637384823438314,
  "Total": 0.5124106142322169,
  "_metric_seconds": 159.75850677490234,
  "_impl": "scib_metrics_yosef"
}