dataset,method,k,fit_seconds,infer_seconds,metric_seconds,peak_rss_mb,gpu_peak_mb,error,_bio,_batch,_composite,isolated_labels,nmi_ari_cluster_labels_leiden_nmi,nmi_ari_cluster_labels_leiden_ari,silhouette_label,clisi_knn,bras,ilisi_knn,graph_connectivity,Batch correction,Bio conservation,Total,_impl
immune,sparseNMF,1000,200.64678648859262,,2042.1699158400297,0.0,5279.44189453125,,0.6665550129729463,0.5112580442994801,0.6044362255035598,0.539527952671051,0.6829108985081314,0.5857503109946619,0.5272505283355713,0.9973353743553162,0.8142678141593933,0.0760292336344719,0.6434770776539944,0.5112580442994801,0.6665550129729463,0.6044362255035598,scib_metrics_yosef
