dataset,method,k,fit_seconds,infer_seconds,metric_seconds,peak_rss_mb,gpu_peak_mb,error,_bio,_batch,_composite,isolated_labels,nmi_ari_cluster_labels_leiden_nmi,nmi_ari_cluster_labels_leiden_ari,silhouette_label,clisi_knn,bras,ilisi_knn,graph_connectivity,Batch correction,Bio conservation,Total,_impl
immune,sparseNMF,300,200.96989551186562,,600.4339418001473,0.0,1842.99072265625,,0.6758402945861888,0.5512972465988275,0.6260230753912442,0.5695245862007141,0.7035207756300302,0.5531529191522625,0.555087685585022,0.997915506362915,0.7658514976501465,0.07497971504926682,0.8130605196464886,0.5512972465988275,0.6758402945861888,0.6260230753912442,scib_metrics_yosef
