dataset,method,fit_seconds,infer_seconds,metric_seconds,peak_rss_mb,gpu_peak_mb,error,_bio,_batch,_composite,isolated_labels,nmi_ari_cluster_labels_leiden_nmi,nmi_ari_cluster_labels_leiden_ari,silhouette_label,clisi_knn,bras,ilisi_knn,graph_connectivity,Batch correction,Bio conservation,Total,_impl
pancreas,sparseNMF,100.08505934104323,,65.44633233174682,0.0,468.84619140625,,0.7734951013577177,0.5097200765572617,0.6679850914375353,0.5152074098587036,0.8493958095264827,0.8780184975970365,0.6248538494110107,0.9999999403953552,0.5806326270103455,0.1597123146057129,0.7888152880557266,0.5097200765572617,0.7734951013577177,0.6679850914375353,scib_metrics_yosef
immune,sparseNMF,194.67087012156844,,98.5614117346704,0.0,455.04248046875,,0.6910200615695592,0.5156028703641871,0.6208531850874104,0.639302134513855,0.6940685509865158,0.5362388591600169,0.5887835025787354,0.9967072606086731,0.5972135066986084,0.0751461461186409,0.8744489657258925,0.5156028703641871,0.6910200615695592,0.6208531850874104,scib_metrics_yosef
lung,sparseNMF,179.17890199646354,,90.51841866970062,0.0,449.48486328125,,0.6778688246955861,0.4686331584168298,0.5941745581840836,0.6270326375961304,0.7130921997761651,0.46954581703901527,0.5798124670982361,0.9998610019683838,0.508762776851654,0.03198986127972603,0.8651468259432384,0.4686331584168298,0.6778688246955861,0.5941745581840836,scib_metrics_yosef
sim1,sparseNMF,276.4657202735543,,77.28874868899584,0.0,1266.134765625,,0.6600034969691003,0.2377637051269658,0.49110758023224654,0.6793540716171265,0.6844835216177004,0.2949580106978939,0.6412218809127808,1.0,0.39814791083335876,0.0,0.3151432045475386,0.2377637051269658,0.6600034969691003,0.49110758023224654,scib_metrics_yosef
sim2,sparseNMF,505.06106305122375,,94.25648746266961,0.0,1513.27734375,,0.6609293256966148,0.2403926074771818,0.4927146384088416,0.6296234130859375,0.6771834797198899,0.36991672389746155,0.6279230117797852,1.0,0.35632726550102234,0.0,0.36485055693052304,0.2403926074771818,0.6609293256966148,0.4927146384088416,scib_metrics_yosef
