{
  "immune": [
    {
      "dataset": "immune",
      "method": "sparseNMF",
      "fit_seconds": 194.67087012156844,
      "infer_seconds": null,
      "metric_seconds": 98.5614117346704,
      "peak_rss_mb": 0.0,
      "gpu_peak_mb": 455.04248046875,
      "error": null,
      "_bio": 0.6910200615695592,
      "_batch": 0.5156028703641871,
      "_composite": 0.6208531850874104,
      "isolated_labels": 0.639302134513855,
      "nmi_ari_cluster_labels_leiden_nmi": 0.6940685509865158,
      "nmi_ari_cluster_labels_leiden_ari": 0.5362388591600169,
      "silhouette_label": 0.5887835025787354,
      "clisi_knn": 0.9967072606086731,
      "bras": 0.5972135066986084,
      "ilisi_knn": 0.0751461461186409,
      "graph_connectivity": 0.8744489657258925,
      "Batch correction": 0.5156028703641871,
      "Bio conservation": 0.6910200615695592,
      "Total": 0.6208531850874104,
      "_impl": "scib_metrics_yosef"
    }
  ],
  "lung": [
    {
      "dataset": "lung",
      "method": "sparseNMF",
      "fit_seconds": 179.17890199646354,
      "infer_seconds": null,
      "metric_seconds": 90.51841866970062,
      "peak_rss_mb": 0.0,
      "gpu_peak_mb": 449.48486328125,
      "error": null,
      "_bio": 0.6778688246955861,
      "_batch": 0.4686331584168298,
      "_composite": 0.5941745581840836,
      "isolated_labels": 0.6270326375961304,
      "nmi_ari_cluster_labels_leiden_nmi": 0.7130921997761651,
      "nmi_ari_cluster_labels_leiden_ari": 0.46954581703901527,
      "silhouette_label": 0.5798124670982361,
      "clisi_knn": 0.9998610019683838,
      "bras": 0.508762776851654,
      "ilisi_knn": 0.03198986127972603,
      "graph_connectivity": 0.8651468259432384,
      "Batch correction": 0.4686331584168298,
      "Bio conservation": 0.6778688246955861,
      "Total": 0.5941745581840836,
      "_impl": "scib_metrics_yosef"
    }
  ],
  "pancreas": [
    {
      "dataset": "pancreas",
      "method": "sparseNMF",
      "fit_seconds": 100.08505934104323,
      "infer_seconds": null,
      "metric_seconds": 65.44633233174682,
      "peak_rss_mb": 0.0,
      "gpu_peak_mb": 468.84619140625,
      "error": null,
      "_bio": 0.7734951013577177,
      "_batch": 0.5097200765572617,
      "_composite": 0.6679850914375353,
      "isolated_labels": 0.5152074098587036,
      "nmi_ari_cluster_labels_leiden_nmi": 0.8493958095264827,
      "nmi_ari_cluster_labels_leiden_ari": 0.8780184975970365,
      "silhouette_label": 0.6248538494110107,
      "clisi_knn": 0.9999999403953552,
      "bras": 0.5806326270103455,
      "ilisi_knn": 0.1597123146057129,
      "graph_connectivity": 0.7888152880557266,
      "Batch correction": 0.5097200765572617,
      "Bio conservation": 0.7734951013577177,
      "Total": 0.6679850914375353,
      "_impl": "scib_metrics_yosef"
    }
  ],
  "sim1": [
    {
      "dataset": "sim1",
      "method": "sparseNMF",
      "fit_seconds": 276.4657202735543,
      "infer_seconds": null,
      "metric_seconds": 77.28874868899584,
      "peak_rss_mb": 0.0,
      "gpu_peak_mb": 1266.134765625,
      "error": null,
      "_bio": 0.6600034969691003,
      "_batch": 0.2377637051269658,
      "_composite": 0.49110758023224654,
      "isolated_labels": 0.6793540716171265,
      "nmi_ari_cluster_labels_leiden_nmi": 0.6844835216177004,
      "nmi_ari_cluster_labels_leiden_ari": 0.2949580106978939,
      "silhouette_label": 0.6412218809127808,
      "clisi_knn": 1.0,
      "bras": 0.39814791083335876,
      "ilisi_knn": 0.0,
      "graph_connectivity": 0.3151432045475386,
      "Batch correction": 0.2377637051269658,
      "Bio conservation": 0.6600034969691003,
      "Total": 0.49110758023224654,
      "_impl": "scib_metrics_yosef"
    }
  ],
  "sim2": [
    {
      "dataset": "sim2",
      "method": "sparseNMF",
      "fit_seconds": 505.06106305122375,
      "infer_seconds": null,
      "metric_seconds": 94.25648746266961,
      "peak_rss_mb": 0.0,
      "gpu_peak_mb": 1513.27734375,
      "error": null,
      "_bio": 0.6609293256966148,
      "_batch": 0.2403926074771818,
      "_composite": 0.4927146384088416,
      "isolated_labels": 0.6296234130859375,
      "nmi_ari_cluster_labels_leiden_nmi": 0.6771834797198899,
      "nmi_ari_cluster_labels_leiden_ari": 0.36991672389746155,
      "silhouette_label": 0.6279230117797852,
      "clisi_knn": 1.0,
      "bras": 0.35632726550102234,
      "ilisi_knn": 0.0,
      "graph_connectivity": 0.36485055693052304,
      "Batch correction": 0.2403926074771818,
      "Bio conservation": 0.6609293256966148,
      "Total": 0.4927146384088416,
      "_impl": "scib_metrics_yosef"
    }
  ]
}