{
  "immune": [
    {
      "dataset": "immune",
      "method": "PCA",
      "fit_seconds": 1.0749520440585911,
      "infer_seconds": 0.013074133079499006,
      "metric_seconds": 74.95031241420656,
      "peak_rss_mb": 0.0,
      "gpu_peak_mb": 0.0,
      "error": null,
      "isolated_labels": 0.6511496305465698,
      "nmi_ari_cluster_labels_leiden_nmi": 0.7205285458525374,
      "nmi_ari_cluster_labels_leiden_ari": 0.4286083458427562,
      "silhouette_label": 0.5398877263069153,
      "clisi_knn": 0.9984095692634583,
      "bras": 0.4803968667984009,
      "ilisi_knn": 0.11220254004001617,
      "graph_connectivity": 0.7159216718835405,
      "Batch correction": 0.4361736879402655,
      "Bio conservation": 0.6677167635624474,
      "Total": 0.5750995333135747,
      "_impl": "scib_metrics_yosef",
      "_bio": 0.6677167635624474,
      "_batch": 0.4361736879402655,
      "_composite": 0.5750995333135747
    },
    {
      "dataset": "immune",
      "method": "NMF",
      "fit_seconds": 31.174686898011714,
      "infer_seconds": 1.2146758930757642,
      "metric_seconds": 16.663692018017173,
      "peak_rss_mb": 0.0,
      "gpu_peak_mb": 0.0,
      "error": null,
      "isolated_labels": 0.6667368412017822,
      "nmi_ari_cluster_labels_leiden_nmi": 0.7213968390056642,
      "nmi_ari_cluster_labels_leiden_ari": 0.4482757735607843,
      "silhouette_label": 0.5589802861213684,
      "clisi_knn": 0.9985097646713257,
      "bras": 0.5211651921272278,
      "ilisi_knn": 0.10159984976053238,
      "graph_connectivity": 0.6570425459699218,
      "Batch correction": 0.4266025367364746,
      "Bio conservation": 0.678779900912185,
      "Total": 0.5779089552419008,
      "_impl": "scib_metrics_yosef",
      "_bio": 0.678779900912185,
      "_batch": 0.4266025367364746,
      "_composite": 0.5779089552419008
    },
    {
      "dataset": "immune",
      "method": "sparseNMF",
      "fit_seconds": 121.8116400288418,
      "infer_seconds": null,
      "metric_seconds": 16.13575603114441,
      "peak_rss_mb": 0.0,
      "gpu_peak_mb": 373.79638671875,
      "error": null,
      "isolated_labels": 0.6163399815559387,
      "nmi_ari_cluster_labels_leiden_nmi": 0.7188529185450593,
      "nmi_ari_cluster_labels_leiden_ari": 0.5670973879238378,
      "silhouette_label": 0.5768280029296875,
      "clisi_knn": 0.9897382855415344,
      "bras": 0.5783236026763916,
      "ilisi_knn": 0.1295749843120575,
      "graph_connectivity": 0.8454893618412527,
      "Batch correction": 0.5177959928773413,
      "Bio conservation": 0.6937713152992115,
      "Total": 0.6233811863304635,
      "_impl": "scib_metrics_yosef",
      "_bio": 0.6937713152992115,
      "_batch": 0.5177959928773413,
      "_composite": 0.6233811863304635
    },
    {
      "dataset": "immune",
      "method": "Harmony",
      "fit_seconds": 2.8802135018631816,
      "infer_seconds": null,
      "metric_seconds": 16.87060855096206,
      "peak_rss_mb": 0.0,
      "gpu_peak_mb": 0.0,
      "error": null,
      "isolated_labels": 0.6394663453102112,
      "nmi_ari_cluster_labels_leiden_nmi": 0.810489380518126,
      "nmi_ari_cluster_labels_leiden_ari": 0.6821933151773815,
      "silhouette_label": 0.61337810754776,
      "clisi_knn": 0.9977152943611145,
      "bras": 0.7041252851486206,
      "ilisi_knn": 0.2617630362510681,
      "graph_connectivity": 0.7681087364226341,
      "Batch correction": 0.5779990192741077,
      "Bio conservation": 0.7486484885829185,
      "Total": 0.6803887008593943,
      "_impl": "scib_metrics_yosef",
      "_bio": 0.7486484885829185,
      "_batch": 0.5779990192741077,
      "_composite": 0.6803887008593943
    },
    {
      "dataset": "immune",
      "method": "scVI",
      "fit_seconds": 94.99245915003121,
      "infer_seconds": 0.09829535381868482,
      "metric_seconds": 15.903738505207002,
      "peak_rss_mb": 0.0,
      "gpu_peak_mb": 52.25927734375,
      "error": null,
      "isolated_labels": 0.597187340259552,
      "nmi_ari_cluster_labels_leiden_nmi": 0.8327707907725879,
      "nmi_ari_cluster_labels_leiden_ari": 0.771151294355197,
      "silhouette_label": 0.5707467794418335,
      "clisi_knn": 0.9966899752616882,
      "bras": 0.7825661897659302,
      "ilisi_knn": 0.21896256506443024,
      "graph_connectivity": 0.8568727515282211,
      "Batch correction": 0.6194671638191401,
      "Bio conservation": 0.7537092360181716,
      "Total": 0.700012407138559,
      "_impl": "scib_metrics_yosef",
      "_bio": 0.7537092360181716,
      "_batch": 0.6194671638191401,
      "_composite": 0.700012407138559
    }
  ],
  "pancreas": [
    {
      "dataset": "pancreas",
      "method": "PCA",
      "fit_seconds": 0.806846262421459,
      "infer_seconds": 0.008939238730818033,
      "metric_seconds": 70.14081940799952,
      "peak_rss_mb": 0.0,
      "gpu_peak_mb": 0.0,
      "error": null,
      "isolated_labels": 0.8476605415344238,
      "nmi_ari_cluster_labels_leiden_nmi": 0.7670888819000223,
      "nmi_ari_cluster_labels_leiden_ari": 0.557196722127089,
      "silhouette_label": 0.5941225290298462,
      "clisi_knn": 1.0,
      "bras": 0.47299399971961975,
      "ilisi_knn": 0.018511757254600525,
      "graph_connectivity": 0.9183817300482225,
      "Batch correction": 0.46996249070709384,
      "Bio conservation": 0.7532137349182764,
      "Total": 0.6399132372338033,
      "_impl": "scib_metrics_yosef",
      "_bio": 0.7532137349182764,
      "_batch": 0.46996249070709384,
      "_composite": 0.6399132372338033
    },
    {
      "dataset": "pancreas",
      "method": "NMF",
      "fit_seconds": 26.904317150823772,
      "infer_seconds": 0.7117999102920294,
      "metric_seconds": 13.19808800285682,
      "peak_rss_mb": 0.0,
      "gpu_peak_mb": 0.0,
      "error": null,
      "isolated_labels": 0.6251322031021118,
      "nmi_ari_cluster_labels_leiden_nmi": 0.7712386878983389,
      "nmi_ari_cluster_labels_leiden_ari": 0.5748393044523,
      "silhouette_label": 0.5718590021133423,
      "clisi_knn": 1.0,
      "bras": 0.4362654387950897,
      "ilisi_knn": 0.01763591170310974,
      "graph_connectivity": 0.8852740391926621,
      "Batch correction": 0.44639179656362055,
      "Bio conservation": 0.7086138395132187,
      "Total": 0.6037250223333794,
      "_impl": "scib_metrics_yosef",
      "_bio": 0.7086138395132187,
      "_batch": 0.44639179656362055,
      "_composite": 0.6037250223333794
    },
    {
      "dataset": "pancreas",
      "method": "sparseNMF",
      "fit_seconds": 78.6096495850943,
      "infer_seconds": null,
      "metric_seconds": 11.794560219161212,
      "peak_rss_mb": 0.0,
      "gpu_peak_mb": 444.94873046875,
      "error": null,
      "isolated_labels": 0.5361338257789612,
      "nmi_ari_cluster_labels_leiden_nmi": 0.836983235225823,
      "nmi_ari_cluster_labels_leiden_ari": 0.8088375813037851,
      "silhouette_label": 0.645839273929596,
      "clisi_knn": 0.9994794130325317,
      "bras": 0.637550413608551,
      "ilisi_knn": 0.24030765891075134,
      "graph_connectivity": 0.8478024390376906,
      "Batch correction": 0.5752201605848902,
      "Bio conservation": 0.7654546658541393,
      "Total": 0.6893608637464397,
      "_impl": "scib_metrics_yosef",
      "_bio": 0.7654546658541393,
      "_batch": 0.5752201605848902,
      "_composite": 0.6893608637464397
    },
    {
      "dataset": "pancreas",
      "method": "Harmony",
      "fit_seconds": 2.85043171280995,
      "infer_seconds": null,
      "metric_seconds": 11.078353853430599,
      "peak_rss_mb": 0.0,
      "gpu_peak_mb": 0.0,
      "error": null,
      "isolated_labels": 0.8120962977409363,
      "nmi_ari_cluster_labels_leiden_nmi": 0.9034547557411324,
      "nmi_ari_cluster_labels_leiden_ari": 0.9119280973232633,
      "silhouette_label": 0.6719598770141602,
      "clisi_knn": 1.0,
      "bras": 0.8213711977005005,
      "ilisi_knn": 0.33587804436683655,
      "graph_connectivity": 0.9111366807138976,
      "Batch correction": 0.6894619643263041,