{
  "immune": [
    {
      "dataset": "immune",
      "method": "sparseNMF_supervised",
      "k": 300,
      "fit_seconds": 12.15884755551815,
      "infer_seconds": null,
      "metric_seconds": 370.0605886951089,
      "peak_rss_mb": 0.0,
      "gpu_peak_mb": 593.3837890625,
      "error": null,
      "_bio": 0.6585334677008016,
      "_batch": 0.5694261592350158,
      "_composite": 0.6228905443144872,
      "isolated_labels": 0.5326306223869324,
      "nmi_ari_cluster_labels_leiden_nmi": 0.682804809233517,
      "nmi_ari_cluster_labels_leiden_ari": 0.5348736872599928,
      "silhouette_label": 0.5447067618370056,
      "clisi_knn": 0.9976514577865601,
      "bras": 0.7597095370292664,
      "ilisi_knn": 0.08710309863090515,
      "graph_connectivity": 0.8614658718471983,
      "Batch correction": 0.5694261592350158,
      "Bio conservation": 0.6585334677008016,
      "Total": 0.6228905443144872,
      "_impl": "scib_metrics_yosef"
    }
  ],
  "lung": [
    {
      "dataset": "lung",
      "method": "sparseNMF_supervised",
      "k": 300,
      "fit_seconds": 13.37111832946539,
      "infer_seconds": null,
      "metric_seconds": 511.09669022634625,
      "peak_rss_mb": 0.0,
      "gpu_peak_mb": 445.1943359375,
      "error": null,
      "_bio": 0.5491245325268652,
      "_batch": 0.5131636604634142,
      "_composite": 0.5347401837014848,
      "isolated_labels": 0.39965149760246277,
      "nmi_ari_cluster_labels_leiden_nmi": 0.5193780022536757,
      "nmi_ari_cluster_labels_leiden_ari": 0.3788054010899553,
      "silhouette_label": 0.4604984521865845,
      "clisi_knn": 0.987289309501648,
      "bras": 0.7512989044189453,
      "ilisi_knn": 0.07852789759635925,
      "graph_connectivity": 0.7096641495726156,
      "Batch correction": 0.5131636604634142,
      "Bio conservation": 0.5491245325268652,
      "Total": 0.5347401837014848,
      "_impl": "scib_metrics_yosef"
    }
  ],
  "pancreas": [
    {
      "dataset": "pancreas",
      "method": "sparseNMF_supervised",
      "k": 300,
      "fit_seconds": 6.953970558941364,
      "infer_seconds": null,
      "metric_seconds": 423.99807531014085,
      "peak_rss_mb": 0.0,
      "gpu_peak_mb": 282.34130859375,
      "error": null,
      "_bio": 0.7176332782900949,
      "_batch": 0.5845792239306006,
      "_composite": 0.6644116565462972,
      "isolated_labels": 0.3487943708896637,
      "nmi_ari_cluster_labels_leiden_nmi": 0.8157675476476185,
      "nmi_ari_cluster_labels_leiden_ari": 0.852946981229233,
      "silhouette_label": 0.5706575512886047,
      "clisi_knn": 0.9999999403953552,
      "bras": 0.7118998169898987,
      "ilisi_knn": 0.2564926743507385,
      "graph_connectivity": 0.7853451804511646,
      "Batch correction": 0.5845792239306006,
      "Bio conservation": 0.7176332782900949,
      "Total": 0.6644116565462972,
      "_impl": "scib_metrics_yosef"
    }
  ],
  "sim1": [
    {
      "dataset": "sim1",
      "method": "sparseNMF_supervised",
      "k": 300,
      "fit_seconds": 5.557606711983681,
      "infer_seconds": null,
      "metric_seconds": 256.00815765187144,
      "peak_rss_mb": 0.0,
      "gpu_peak_mb": 214.13427734375,
      "error": null,
      "_bio": 0.7390379921993564,
      "_batch": 0.545225918861186,
      "_composite": 0.6615131628640882,
      "isolated_labels": 0.5503131747245789,
      "nmi_ari_cluster_labels_leiden_nmi": 0.8695000892973362,
      "nmi_ari_cluster_labels_leiden_ari": 0.7258675889083077,
      "silhouette_label": 0.5495091080665588,
      "clisi_knn": 1.0,
      "bras": 0.8330521583557129,
      "ilisi_knn": 0.011443162336945534,
      "graph_connectivity": 0.7911824601052864,
      "Batch correction": 0.545225918861186,
      "Bio conservation": 0.7390379921993564,
      "Total": 0.6615131628640882,
      "_impl": "scib_metrics_yosef"
    }
  ],
  "sim2": [
    {
      "dataset": "sim2",
      "method": "sparseNMF_supervised",
      "k": 300,
      "fit_seconds": 7.0717667154967785,
      "infer_seconds": null,
      "metric_seconds": 406.73142298310995,
      "peak_rss_mb": 0.0,
      "gpu_peak_mb": 335.39697265625,
      "error": null,
      "_bio": 0.6295331344798996,
      "_batch": 0.41998480037927716,
      "_composite": 0.5457138008396506,
      "isolated_labels": 0.5508477687835693,
      "nmi_ari_cluster_labels_leiden_nmi": 0.6771908077604986,
      "nmi_ari_cluster_labels_leiden_ari": 0.3699434057843242,
      "silhouette_label": 0.549683690071106,
      "clisi_knn": 1.0,
      "bras": 0.7594276070594788,
      "ilisi_knn": 0.0,
      "graph_connectivity": 0.5005267940783527,
      "Batch correction": 0.41998480037927716,
      "Bio conservation": 0.6295331344798996,
      "Total": 0.5457138008396506,
      "_impl": "scib_metrics_yosef"
    }
  ]
}