dataset,method,k,fit_seconds,infer_seconds,metric_seconds,peak_rss_mb,gpu_peak_mb,error,_bio,_batch,_composite,isolated_labels,nmi_ari_cluster_labels_leiden_nmi,nmi_ari_cluster_labels_leiden_ari,silhouette_label,clisi_knn,bras,ilisi_knn,graph_connectivity,Batch correction,Bio conservation,Total,_impl
pancreas,sparseNMF_supervised,300,6.953970558941364,,423.99807531014085,0.0,282.34130859375,,0.7176332782900949,0.5845792239306006,0.6644116565462972,0.3487943708896637,0.8157675476476185,0.852946981229233,0.5706575512886047,0.9999999403953552,0.7118998169898987,0.2564926743507385,0.7853451804511646,0.5845792239306006,0.7176332782900949,0.6644116565462972,scib_metrics_yosef
immune,sparseNMF_supervised,300,12.15884755551815,,370.0605886951089,0.0,593.3837890625,,0.6585334677008016,0.5694261592350158,0.6228905443144872,0.5326306223869324,0.682804809233517,0.5348736872599928,0.5447067618370056,0.9976514577865601,0.7597095370292664,0.08710309863090515,0.8614658718471983,0.5694261592350158,0.6585334677008016,0.6228905443144872,scib_metrics_yosef
lung,sparseNMF_supervised,300,13.37111832946539,,511.09669022634625,0.0,445.1943359375,,0.5491245325268652,0.5131636604634142,0.5347401837014848,0.39965149760246277,0.5193780022536757,0.3788054010899553,0.4604984521865845,0.987289309501648,0.7512989044189453,0.07852789759635925,0.7096641495726156,0.5131636604634142,0.5491245325268652,0.5347401837014848,scib_metrics_yosef
sim1,sparseNMF_supervised,300,5.557606711983681,,256.00815765187144,0.0,214.13427734375,,0.7390379921993564,0.545225918861186,0.6615131628640882,0.5503131747245789,0.8695000892973362,0.7258675889083077,0.5495091080665588,1.0,0.8330521583557129,0.011443162336945534,0.7911824601052864,0.545225918861186,0.7390379921993564,0.6615131628640882,scib_metrics_yosef
sim2,sparseNMF_supervised,300,7.0717667154967785,,406.73142298310995,0.0,335.39697265625,,0.6295331344798996,0.41998480037927716,0.5457138008396506,0.5508477687835693,0.6771908077604986,0.3699434057843242,0.549683690071106,1.0,0.7594276070594788,0.0,0.5005267940783527,0.41998480037927716,0.6295331344798996,0.5457138008396506,scib_metrics_yosef
