dataset,method,k,fit_seconds,infer_seconds,metric_seconds,peak_rss_mb,gpu_peak_mb,error,_bio,_batch,_composite,isolated_labels,nmi_ari_cluster_labels_leiden_nmi,nmi_ari_cluster_labels_leiden_ari,silhouette_label,clisi_knn,bras,ilisi_knn,graph_connectivity,Batch correction,Bio conservation,Total,_impl
sim1,sparseNMF,1000,282.39903588593006,,212.36348237097263,0.0,22082.1748046875,,0.7021726723912193,0.44573166662039626,0.5995962700828901,0.5174382328987122,0.8288776463558584,0.6325249469005918,0.5320225358009338,1.0,0.8712311387062073,0.016855215653777122,0.44910862128681733,0.44573166662039626,0.7021726723912193,0.5995962700828901,scib_metrics_yosef
