{
  "isolated_labels": 0.5477147102355957,
  "nmi_ari_cluster_labels_leiden_nmi": 0.6100523015920553,
  "nmi_ari_cluster_labels_leiden_ari": 0.4500909647827141,
  "silhouette_label": 0.5447837710380554,
  "clisi_knn": 0.9948572516441345,
  "bras": 0.5665995478630066,
  "ilisi_knn": 0.07095492631196976,
  "graph_connectivity": 0.8221536594874044,
  "Batch correction": 0.48656937540393336,
  "Bio conservation": 0.629499799858511,
  "Total": 0.57232763007668,
  "_metric_seconds": 99.5134539604187,
  "_impl": "scib_metrics_yosef"
}