{
  "immune": [
    {
      "dataset": "immune",
      "method": "sparseNMF+batch",
      "k": 30,
      "fit_seconds": 4.669651806354523,
      "infer_seconds": null,
      "metric_seconds": 102.79569108784199,
      "peak_rss_mb": 0.0,
      "gpu_peak_mb": 519.1025390625,
      "error": null,
      "_bio": 0.6601359908106628,
      "_batch": 0.5150319913906733,
      "_composite": 0.602094391042667,
      "isolated_labels": 0.5706441402435303,
      "nmi_ari_cluster_labels_leiden_nmi": 0.6801191570723003,
      "nmi_ari_cluster_labels_leiden_ari": 0.5356277544547683,
      "silhouette_label": 0.5175583958625793,
      "clisi_knn": 0.9967305064201355,
      "bras": 0.5855745077133179,
      "ilisi_knn": 0.12532097101211548,
      "graph_connectivity": 0.8342004954465867,
      "Batch correction": 0.5150319913906733,
      "Bio conservation": 0.6601359908106628,
      "Total": 0.602094391042667,
      "_impl": "scib_metrics_yosef"
    }
  ],
  "lung": [
    {
      "dataset": "lung",
      "method": "sparseNMF+batch",
      "k": 30,
      "fit_seconds": 5.748949743807316,
      "infer_seconds": null,
      "metric_seconds": 99.5134539604187,
      "peak_rss_mb": 0.0,
      "gpu_peak_mb": 354.68115234375,
      "error": null,
      "_bio": 0.629499799858511,
      "_batch": 0.48656937540393336,
      "_composite": 0.57232763007668,
      "isolated_labels": 0.5477147102355957,
      "nmi_ari_cluster_labels_leiden_nmi": 0.6100523015920553,
      "nmi_ari_cluster_labels_leiden_ari": 0.4500909647827141,
      "silhouette_label": 0.5447837710380554,
      "clisi_knn": 0.9948572516441345,
      "bras": 0.5665995478630066,
      "ilisi_knn": 0.07095492631196976,
      "graph_connectivity": 0.8221536594874044,
      "Batch correction": 0.48656937540393336,
      "Bio conservation": 0.629499799858511,
      "Total": 0.57232763007668,
      "_impl": "scib_metrics_yosef"
    }
  ],
  "pancreas": [
    {
      "dataset": "pancreas",
      "method": "sparseNMF+batch",
      "k": 30,
      "fit_seconds": 3.2252127453684807,
      "infer_seconds": null,
      "metric_seconds": 74.9495033994317,
      "peak_rss_mb": 0.0,
      "gpu_peak_mb": 225.77490234375,
      "error": null,
      "_bio": 0.7548406012750267,
      "_batch": 0.5080187009737477,
      "_composite": 0.656111841154515,
      "isolated_labels": 0.472720205783844,
      "nmi_ari_cluster_labels_leiden_nmi": 0.8044436657057632,
      "nmi_ari_cluster_labels_leiden_ari": 0.8493267849938638,
      "silhouette_label": 0.6477123498916626,
      "clisi_knn": 1.0,
      "bras": 0.5609194040298462,
      "ilisi_knn": 0.22702062129974365,
      "graph_connectivity": 0.736116077591653,
      "Batch correction": 0.5080187009737477,
      "Bio conservation": 0.7548406012750267,
      "Total": 0.656111841154515,
      "_impl": "scib_metrics_yosef"
    }
  ],
  "sim1": [
    {
      "dataset": "sim1",
      "method": "sparseNMF+batch",
      "k": 30,
      "fit_seconds": 2.496489852666855,
      "infer_seconds": null,
      "metric_seconds": 69.73629401624203,
      "peak_rss_mb": 0.0,
      "gpu_peak_mb": 172.14599609375,
      "error": null,
      "_bio": 0.6617924818889669,
      "_batch": 0.28933374542350326,
      "_composite": 0.5128089873027815,
      "isolated_labels": 0.687474250793457,
      "nmi_ari_cluster_labels_leiden_nmi": 0.6844935655543011,
      "nmi_ari_cluster_labels_leiden_ari": 0.2949792551530458,
      "silhouette_label": 0.6420153379440308,
      "clisi_knn": 1.0,
      "bras": 0.43712854385375977,
      "ilisi_knn": 2.3841858265427618e-08,
      "graph_connectivity": 0.43087266261442764,
      "Batch correction": 0.28933374542350326,
      "Bio conservation": 0.6617924818889669,
      "Total": 0.5128089873027815,
      "_impl": "scib_metrics_yosef"
    }
  ],
  "sim2": [
    {
      "dataset": "sim2",
      "method": "sparseNMF+batch",
      "k": 30,
      "fit_seconds": 2.835562527179718,
      "infer_seconds": null,
      "metric_seconds": 77.29983220249414,
      "peak_rss_mb": 0.0,
      "gpu_peak_mb": 276.24072265625,
      "error": null,
      "_bio": 0.6626827036110435,
      "_batch": 0.24024276436162662,
      "_composite": 0.49370672791127673,
      "isolated_labels": 0.6339278221130371,
      "nmi_ari_cluster_labels_leiden_nmi": 0.6771834797198899,
      "nmi_ari_cluster_labels_leiden_ari": 0.36991672389746155,
      "silhouette_label": 0.6323854923248291,
      "clisi_knn": 1.0,
      "bras": 0.35407233238220215,
      "ilisi_knn": 0.0,
      "graph_connectivity": 0.3666559607026777,
      "Batch correction": 0.24024276436162662,
      "Bio conservation": 0.6626827036110435,
      "Total": 0.49370672791127673,
      "_impl": "scib_metrics_yosef"
    }
  ]
}