dataset,method,k,fit_seconds,infer_seconds,metric_seconds,peak_rss_mb,gpu_peak_mb,error,_bio,_batch,_composite,isolated_labels,nmi_ari_cluster_labels_leiden_nmi,nmi_ari_cluster_labels_leiden_ari,silhouette_label,clisi_knn,bras,ilisi_knn,graph_connectivity,Batch correction,Bio conservation,Total,_impl
pancreas,sparseNMF+batch,30,3.2252127453684807,,74.9495033994317,0.0,225.77490234375,,0.7548406012750267,0.5080187009737477,0.656111841154515,0.472720205783844,0.8044436657057632,0.8493267849938638,0.6477123498916626,1.0,0.5609194040298462,0.22702062129974365,0.736116077591653,0.5080187009737477,0.7548406012750267,0.656111841154515,scib_metrics_yosef
immune,sparseNMF+batch,30,4.669651806354523,,102.79569108784199,0.0,519.1025390625,,0.6601359908106628,0.5150319913906733,0.602094391042667,0.5706441402435303,0.6801191570723003,0.5356277544547683,0.5175583958625793,0.9967305064201355,0.5855745077133179,0.12532097101211548,0.8342004954465867,0.5150319913906733,0.6601359908106628,0.602094391042667,scib_metrics_yosef
lung,sparseNMF+batch,30,5.748949743807316,,99.5134539604187,0.0,354.68115234375,,0.629499799858511,0.48656937540393336,0.57232763007668,0.5477147102355957,0.6100523015920553,0.4500909647827141,0.5447837710380554,0.9948572516441345,0.5665995478630066,0.07095492631196976,0.8221536594874044,0.48656937540393336,0.629499799858511,0.57232763007668,scib_metrics_yosef
sim1,sparseNMF+batch,30,2.496489852666855,,69.73629401624203,0.0,172.14599609375,,0.6617924818889669,0.28933374542350326,0.5128089873027815,0.687474250793457,0.6844935655543011,0.2949792551530458,0.6420153379440308,1.0,0.43712854385375977,2.3841858265427618e-08,0.43087266261442764,0.28933374542350326,0.6617924818889669,0.5128089873027815,scib_metrics_yosef
sim2,sparseNMF+batch,30,2.835562527179718,,77.29983220249414,0.0,276.24072265625,,0.6626827036110435,0.24024276436162662,0.49370672791127673,0.6339278221130371,0.6771834797198899,0.36991672389746155,0.6323854923248291,1.0,0.35407233238220215,0.0,0.3666559607026777,0.24024276436162662,0.6626827036110435,0.49370672791127673,scib_metrics_yosef
