dataset,method,k,fit_seconds,infer_seconds,metric_seconds,peak_rss_mb,gpu_peak_mb,error,_bio,_batch,_composite,isolated_labels,nmi_ari_cluster_labels_leiden_nmi,nmi_ari_cluster_labels_leiden_ari,silhouette_label,clisi_knn,bras,ilisi_knn,graph_connectivity,Batch correction,Bio conservation,Total,_impl
pancreas,sparseNMF,300,160.69213989377022,,214.91438114643097,0.0,2246.41259765625,,0.7936392742150573,0.5751182488507119,0.7062308640693191,0.6139740347862244,0.8426503611658834,0.8835832194202061,0.6279887557029724,1.0,0.7110433578491211,0.1663375198841095,0.8479738986212279,0.5751182488507119,0.7936392742150573,0.7062308640693191,scib_metrics_yosef
sim1,sparseNMF,300,301.0364590808749,,148.91328285634518,0.0,7071.990234375,,0.6943056094254553,0.5236760240012137,0.6260537752557587,0.5411419868469238,0.8052320992839519,0.5786290786798115,0.5465248823165894,1.0,0.8342774510383606,0.008841967210173607,0.72790862954072,0.5236760240012137,0.6943056094254553,0.6260537752557587,scib_metrics_yosef
