{
  "immune": [
    {
      "dataset": "immune",
      "method": "sparseNMF_supervised",
      "k": 300,
      "fit_seconds": 12.403028838336468,
      "infer_seconds": null,
      "metric_seconds": 383.50918101891875,
      "peak_rss_mb": 0.0,
      "gpu_peak_mb": 593.3837890625,
      "error": null,
      "_bio": 0.6522241131776224,
      "_batch": 0.5635860396916264,
      "_composite": 0.616768883783224,
      "isolated_labels": 0.5182801485061646,
      "nmi_ari_cluster_labels_leiden_nmi": 0.6807294215373699,
      "nmi_ari_cluster_labels_leiden_ari": 0.5179263706958044,
      "silhouette_label": 0.5472408533096313,
      "clisi_knn": 0.9969437718391418,
      "bras": 0.7639951705932617,
      "ilisi_knn": 0.09120527654886246,
      "graph_connectivity": 0.8355576495810131,
      "Batch correction": 0.5635860396916264,
      "Bio conservation": 0.6522241131776224,
      "Total": 0.616768883783224,
      "_impl": "scib_metrics_yosef"
    }
  ],
  "lung": [
    {
      "dataset": "lung",
      "method": "sparseNMF_supervised",
      "k": 300,
      "fit_seconds": 13.282832510769367,
      "infer_seconds": null,
      "metric_seconds": 492.08259167149663,
      "peak_rss_mb": 0.0,
      "gpu_peak_mb": 445.1943359375,
      "error": null,
      "_bio": 0.5698228511056818,
      "_batch": 0.5135368195720291,
      "_composite": 0.5473084384922207,
      "isolated_labels": 0.3998786211013794,
      "nmi_ari_cluster_labels_leiden_nmi": 0.560760815117078,
      "nmi_ari_cluster_labels_leiden_ari": 0.42498996580386306,
      "silhouette_label": 0.4736262857913971,
      "clisi_knn": 0.9898585677146912,
      "bras": 0.747972309589386,
      "ilisi_knn": 0.08084826171398163,
      "graph_connectivity": 0.7117898725115586,
      "Batch correction": 0.5135368195720291,
      "Bio conservation": 0.5698228511056818,
      "Total": 0.5473084384922207,
      "_impl": "scib_metrics_yosef"
    }
  ],
  "pancreas": [
    {
      "dataset": "pancreas",
      "method": "sparseNMF_supervised",
      "k": 300,
      "fit_seconds": 7.09955732896924,
      "infer_seconds": null,
      "metric_seconds": 441.0013721771538,
      "peak_rss_mb": 0.0,
      "gpu_peak_mb": 282.34130859375,
      "error": null,
      "_bio": 0.75123264666213,
      "_batch": 0.5892662400199632,
      "_composite": 0.6864460840052633,
      "isolated_labels": 0.5144023299217224,
      "nmi_ari_cluster_labels_leiden_nmi": 0.8072419966141624,
      "nmi_ari_cluster_labels_leiden_ari": 0.8555568191435396,
      "silhouette_label": 0.5791317820549011,
      "clisi_knn": 0.9998303055763245,
      "bras": 0.73259037733078,
      "ilisi_knn": 0.25941526889801025,
      "graph_connectivity": 0.7757930738310993,
      "Batch correction": 0.5892662400199632,
      "Bio conservation": 0.75123264666213,
      "Total": 0.6864460840052633,
      "_impl": "scib_metrics_yosef"
    }
  ],
  "sim1": [
    {
      "dataset": "sim1",
      "method": "sparseNMF_supervised",
      "k": 300,
      "fit_seconds": 5.875161238014698,
      "infer_seconds": null,
      "metric_seconds": 244.6758940331638,
      "peak_rss_mb": 0.0,
      "gpu_peak_mb": 214.13427734375,
      "error": null,
      "_bio": 0.7467339396337681,
      "_batch": 0.5485466946071895,
      "_composite": 0.6674590416231367,
      "isolated_labels": 0.5439003705978394,
      "nmi_ari_cluster_labels_leiden_nmi": 0.8866773082936812,
      "nmi_ari_cluster_labels_leiden_ari": 0.750945167260871,
      "silhouette_label": 0.552146852016449,
      "clisi_knn": 1.0,
      "bras": 0.8427180051803589,
      "ilisi_knn": 0.014939975924789906,
      "graph_connectivity": 0.7879821148236132,
      "Batch correction": 0.5485466946071895,
      "Bio conservation": 0.7467339396337681,
      "Total": 0.6674590416231367,
      "_impl": "scib_metrics_yosef"
    }
  ],
  "sim2": [
    {
      "dataset": "sim2",
      "method": "sparseNMF_supervised",
      "k": 300,
      "fit_seconds": 7.030102260410786,
      "infer_seconds": null,
      "metric_seconds": 421.87393390387297,
      "peak_rss_mb": 0.0,
      "gpu_peak_mb": 335.39697265625,
      "error": null,
      "_bio": 0.6300103579727684,
      "_batch": 0.41277797432813773,
      "_composite": 0.5431174045149161,
      "isolated_labels": 0.5519225597381592,
      "nmi_ari_cluster_labels_leiden_nmi": 0.6771834797198899,
      "nmi_ari_cluster_labels_leiden_ari": 0.36991672389746155,
      "silhouette_label": 0.5510290265083313,
      "clisi_knn": 1.0,
      "bras": 0.757155179977417,
      "ilisi_knn": 0.0,
      "graph_connectivity": 0.48117874300699615,
      "Batch correction": 0.41277797432813773,
      "Bio conservation": 0.6300103579727684,
      "Total": 0.5431174045149161,
      "_impl": "scib_metrics_yosef"
    }
  ]
}