dataset,method,k,fit_seconds,infer_seconds,metric_seconds,peak_rss_mb,gpu_peak_mb,error,_bio,_batch,_composite,isolated_labels,nmi_ari_cluster_labels_leiden_nmi,nmi_ari_cluster_labels_leiden_ari,silhouette_label,clisi_knn,bras,ilisi_knn,graph_connectivity,Batch correction,Bio conservation,Total,_impl
pancreas,sparseNMF_supervised,300,7.09955732896924,,441.0013721771538,0.0,282.34130859375,,0.75123264666213,0.5892662400199632,0.6864460840052633,0.5144023299217224,0.8072419966141624,0.8555568191435396,0.5791317820549011,0.9998303055763245,0.73259037733078,0.25941526889801025,0.7757930738310993,0.5892662400199632,0.75123264666213,0.6864460840052633,scib_metrics_yosef
immune,sparseNMF_supervised,300,12.403028838336468,,383.50918101891875,0.0,593.3837890625,,0.6522241131776224,0.5635860396916264,0.616768883783224,0.5182801485061646,0.6807294215373699,0.5179263706958044,0.5472408533096313,0.9969437718391418,0.7639951705932617,0.09120527654886246,0.8355576495810131,0.5635860396916264,0.6522241131776224,0.616768883783224,scib_metrics_yosef
lung,sparseNMF_supervised,300,13.282832510769367,,492.08259167149663,0.0,445.1943359375,,0.5698228511056818,0.5135368195720291,0.5473084384922207,0.3998786211013794,0.560760815117078,0.42498996580386306,0.4736262857913971,0.9898585677146912,0.747972309589386,0.08084826171398163,0.7117898725115586,0.5135368195720291,0.5698228511056818,0.5473084384922207,scib_metrics_yosef
sim1,sparseNMF_supervised,300,5.875161238014698,,244.6758940331638,0.0,214.13427734375,,0.7467339396337681,0.5485466946071895,0.6674590416231367,0.5439003705978394,0.8866773082936812,0.750945167260871,0.552146852016449,1.0,0.8427180051803589,0.014939975924789906,0.7879821148236132,0.5485466946071895,0.7467339396337681,0.6674590416231367,scib_metrics_yosef
sim2,sparseNMF_supervised,300,7.030102260410786,,421.87393390387297,0.0,335.39697265625,,0.6300103579727684,0.41277797432813773,0.5431174045149161,0.5519225597381592,0.6771834797198899,0.36991672389746155,0.5510290265083313,1.0,0.757155179977417,0.0,0.48117874300699615,0.41277797432813773,0.6300103579727684,0.5431174045149161,scib_metrics_yosef
