{
  "immune": [
    {
      "dataset": "immune",
      "method": "sparseNMF+batch",
      "k": 30,
      "fit_seconds": 4.666301846504211,
      "infer_seconds": null,
      "metric_seconds": 103.3597334176302,
      "peak_rss_mb": 0.0,
      "gpu_peak_mb": 519.1025390625,
      "error": null,
      "_bio": 0.6368130833720025,
      "_batch": 0.49011180623163936,
      "_composite": 0.5781325725158573,
      "isolated_labels": 0.5213613510131836,
      "nmi_ari_cluster_labels_leiden_nmi": 0.6537903074987307,
      "nmi_ari_cluster_labels_leiden_ari": 0.5017769962059164,
      "silhouette_label": 0.5114995241165161,
      "clisi_knn": 0.9956372380256653,
      "bras": 0.546257734298706,
      "ilisi_knn": 0.10449089109897614,
      "graph_connectivity": 0.819586808198397,
      "Batch correction": 0.49011180623163936,
      "Bio conservation": 0.6368130833720025,
      "Total": 0.5781325725158573,
      "_impl": "scib_metrics_yosef"
    }
  ],
  "lung": [
    {
      "dataset": "lung",
      "method": "sparseNMF+batch",
      "k": 30,
      "fit_seconds": 5.73969829082489,
      "infer_seconds": null,
      "metric_seconds": 100.01665087044239,
      "peak_rss_mb": 0.0,
      "gpu_peak_mb": 354.68115234375,
      "error": null,
      "_bio": 0.6337103619703673,
      "_batch": 0.4996969823527842,
      "_composite": 0.580105010123334,
      "isolated_labels": 0.5313692688941956,
      "nmi_ari_cluster_labels_leiden_nmi": 0.6199394653980863,
      "nmi_ari_cluster_labels_leiden_ari": 0.46899484414857456,
      "silhouette_label": 0.5526275634765625,
      "clisi_knn": 0.9956206679344177,
      "bras": 0.5931367874145508,
      "ilisi_knn": 0.06781543046236038,
      "graph_connectivity": 0.8381387366320221,
      "Batch correction": 0.4996969823527842,
      "Bio conservation": 0.6337103619703673,
      "Total": 0.580105010123334,
      "_impl": "scib_metrics_yosef"
    }
  ],
  "pancreas": [
    {
      "dataset": "pancreas",
      "method": "sparseNMF+batch",
      "k": 30,
      "fit_seconds": 3.203541472554207,
      "infer_seconds": null,
      "metric_seconds": 75.62767346948385,
      "peak_rss_mb": 0.0,
      "gpu_peak_mb": 225.77490234375,
      "error": null,
      "_bio": 0.7741904537934486,
      "_batch": 0.5312566394069741,
      "_composite": 0.6770169280388588,
      "isolated_labels": 0.6343742609024048,
      "nmi_ari_cluster_labels_leiden_nmi": 0.8032683178990613,
      "nmi_ari_cluster_labels_leiden_ari": 0.8513685027840328,
      "silhouette_label": 0.5819411873817444,
      "clisi_knn": 1.0,
      "bras": 0.5752233266830444,
      "ilisi_knn": 0.23702991008758545,
      "graph_connectivity": 0.7815166814502924,
      "Batch correction": 0.5312566394069741,
      "Bio conservation": 0.7741904537934486,
      "Total": 0.6770169280388588,
      "_impl": "scib_metrics_yosef"
    }
  ],
  "sim1": [
    {
      "dataset": "sim1",
      "method": "sparseNMF+batch",
      "k": 30,
      "fit_seconds": 2.492518872022629,
      "infer_seconds": null,
      "metric_seconds": 69.50424882769585,
      "peak_rss_mb": 0.0,
      "gpu_peak_mb": 172.14599609375,
      "error": null,
      "_bio": 0.6614747184160913,
      "_batch": 0.28099938572075706,
      "_composite": 0.5092845853379576,
      "isolated_labels": 0.6883659958839417,
      "nmi_ari_cluster_labels_leiden_nmi": 0.6844835216177004,
      "nmi_ari_cluster_labels_leiden_ari": 0.2949580106978939,
      "silhouette_label": 0.6395660638809204,
      "clisi_knn": 1.0,
      "bras": 0.4153903126716614,
      "ilisi_knn": 0.0,
      "graph_connectivity": 0.4276078444906097,
      "Batch correction": 0.28099938572075706,
      "Bio conservation": 0.6614747184160913,
      "Total": 0.5092845853379576,
      "_impl": "scib_metrics_yosef"
    }
  ],
  "sim2": [
    {
      "dataset": "sim2",
      "method": "sparseNMF+batch",
      "k": 30,
      "fit_seconds": 2.8371885493397713,
      "infer_seconds": null,
      "metric_seconds": 77.94268000125885,
      "peak_rss_mb": 0.0,
      "gpu_peak_mb": 276.24072265625,
      "error": null,
      "_bio": 0.6647478138176475,
      "_batch": 0.2476578873553441,
      "_composite": 0.4979118432327261,
      "isolated_labels": 0.6391369104385376,
      "nmi_ari_cluster_labels_leiden_nmi": 0.6771834797198899,
      "nmi_ari_cluster_labels_leiden_ari": 0.36991672389746155,
      "silhouette_label": 0.6375019550323486,
      "clisi_knn": 1.0,
      "bras": 0.3765086531639099,
      "ilisi_knn": 0.0,
      "graph_connectivity": 0.36646500890212236,
      "Batch correction": 0.2476578873553441,
      "Bio conservation": 0.6647478138176475,
      "Total": 0.4979118432327261,
      "_impl": "scib_metrics_yosef"
    }
  ]
}