dataset,method,k,fit_seconds,infer_seconds,metric_seconds,peak_rss_mb,gpu_peak_mb,error,_bio,_batch,_composite,isolated_labels,nmi_ari_cluster_labels_leiden_nmi,nmi_ari_cluster_labels_leiden_ari,silhouette_label,clisi_knn,bras,ilisi_knn,graph_connectivity,Batch correction,Bio conservation,Total,_impl
pancreas,sparseNMF+batch,30,3.203541472554207,,75.62767346948385,0.0,225.77490234375,,0.7741904537934486,0.5312566394069741,0.6770169280388588,0.6343742609024048,0.8032683178990613,0.8513685027840328,0.5819411873817444,1.0,0.5752233266830444,0.23702991008758545,0.7815166814502924,0.5312566394069741,0.7741904537934486,0.6770169280388588,scib_metrics_yosef
immune,sparseNMF+batch,30,4.666301846504211,,103.3597334176302,0.0,519.1025390625,,0.6368130833720025,0.49011180623163936,0.5781325725158573,0.5213613510131836,0.6537903074987307,0.5017769962059164,0.5114995241165161,0.9956372380256653,0.546257734298706,0.10449089109897614,0.819586808198397,0.49011180623163936,0.6368130833720025,0.5781325725158573,scib_metrics_yosef
lung,sparseNMF+batch,30,5.73969829082489,,100.01665087044239,0.0,354.68115234375,,0.6337103619703673,0.4996969823527842,0.580105010123334,0.5313692688941956,0.6199394653980863,0.46899484414857456,0.5526275634765625,0.9956206679344177,0.5931367874145508,0.06781543046236038,0.8381387366320221,0.4996969823527842,0.6337103619703673,0.580105010123334,scib_metrics_yosef
sim1,sparseNMF+batch,30,2.492518872022629,,69.50424882769585,0.0,172.14599609375,,0.6614747184160913,0.28099938572075706,0.5092845853379576,0.6883659958839417,0.6844835216177004,0.2949580106978939,0.6395660638809204,1.0,0.4153903126716614,0.0,0.4276078444906097,0.28099938572075706,0.6614747184160913,0.5092845853379576,scib_metrics_yosef
sim2,sparseNMF+batch,30,2.8371885493397713,,77.94268000125885,0.0,276.24072265625,,0.6647478138176475,0.2476578873553441,0.4979118432327261,0.6391369104385376,0.6771834797198899,0.36991672389746155,0.6375019550323486,1.0,0.3765086531639099,0.0,0.36646500890212236,0.2476578873553441,0.6647478138176475,0.4979118432327261,scib_metrics_yosef
