dataset,method,k,fit_seconds,infer_seconds,metric_seconds,peak_rss_mb,gpu_peak_mb,error,_bio,_batch,_composite,isolated_labels,nmi_ari_cluster_labels_leiden_nmi,nmi_ari_cluster_labels_leiden_ari,silhouette_label,clisi_knn,bras,ilisi_knn,graph_connectivity,Batch correction,Bio conservation,Total,_impl
lung,sparseNMF,300,192.99801868200302,,666.8204934373498,0.0,1812.83642578125,,0.6446227256172834,0.4727676273891566,0.5758806863260326,0.5156735181808472,0.712839716832261,0.4415610211059937,0.5533103346824646,0.9997290372848511,0.6558151841163635,0.020223435014486313,0.7422642593113299,0.4727676273891566,0.6446227256172834,0.5758806863260326,scib_metrics_yosef
