{
  "isolated_labels": 0.5057989954948425,
  "nmi_ari_cluster_labels_leiden_nmi": 0.860654689757143,
  "nmi_ari_cluster_labels_leiden_ari": 0.7365327673485728,
  "silhouette_label": 0.5273815393447876,
  "clisi_knn": 0.9999999403953552,
  "bras": 0.8837652206420898,
  "ilisi_knn": 0.022712063044309616,
  "graph_connectivity": 0.33386502881370383,
  "Batch correction": 0.4134474337747441,
  "Bio conservation": 0.7260735864681402,
  "Total": 0.6010231253907817,
  "_metric_seconds": 440.71863770484924,
  "_impl": "scib_metrics_yosef"
}