dataset,method,k,fit_seconds,infer_seconds,metric_seconds,peak_rss_mb,gpu_peak_mb,error,_bio,_batch,_composite,isolated_labels,nmi_ari_cluster_labels_leiden_nmi,nmi_ari_cluster_labels_leiden_ari,silhouette_label,clisi_knn,bras,ilisi_knn,graph_connectivity,Batch correction,Bio conservation,Total,_impl
sim1,sparseNMF,2000,351.2039746232331,,440.71863770484924,0.0,43530.6357421875,,0.7260735864681402,0.4134474337747441,0.6010231253907817,0.5057989954948425,0.860654689757143,0.7365327673485728,0.5273815393447876,0.9999999403953552,0.8837652206420898,0.022712063044309616,0.33386502881370383,0.4134474337747441,0.7260735864681402,0.6010231253907817,scib_metrics_yosef
