dataset,method,fit_seconds,infer_seconds,metric_seconds,peak_rss_mb,gpu_peak_mb,error,_bio,_batch,_composite,isolated_labels,nmi_ari_cluster_labels_leiden_nmi,nmi_ari_cluster_labels_leiden_ari,silhouette_label,clisi_knn,bras,ilisi_knn,graph_connectivity,Batch correction,Bio conservation,Total,_impl
pancreas,sparseNMF,100.41962670534849,,63.39647721871734,0.0,430.14794921875,,0.6746490961610672,0.4749682807484468,0.594776769996019,0.45208460092544556,0.7153828211605351,0.4737085067746227,0.7320696115493774,0.9999999403953552,0.5518630743026733,0.16922599077224731,0.7038157771704199,0.4749682807484468,0.6746490961610672,0.594776769996019,scib_metrics_yosef
immune,sparseNMF,194.39700065925717,,95.35855574160814,0.0,398.5830078125,,0.6448481866242683,0.45052082099656304,0.5671172403731862,0.5502740740776062,0.6513169514028139,0.4431044097466345,0.5873937010765076,0.9921517968177795,0.459300696849823,0.08346688747406006,0.8087948786658061,0.45052082099656304,0.6448481866242683,0.5671172403731862,scib_metrics_yosef
lung,sparseNMF,182.10567978397012,,87.64631772041321,0.0,438.71484375,,0.6407414759824034,0.47390116630279605,0.5740053521105605,0.5339105129241943,0.675306515408028,0.44649090995610724,0.5532797574996948,0.9947196841239929,0.4873255491256714,0.062126558274030685,0.8722513728822345,0.47390116630279605,0.6407414759824034,0.5740053521105605,scib_metrics_yosef
sim1,sparseNMF,278.44908211007714,,75.9090268239379,0.0,1150.84228515625,,0.6850945171606495,0.1907961023609549,0.48737515124077163,0.723806619644165,0.6990673551667612,0.3149200354765743,0.6876785755157471,1.0,0.1580749899148941,0.0,0.4143133171679706,0.1907961023609549,0.6850945171606495,0.48737515124077163,scib_metrics_yosef
sim2,sparseNMF,494.0227776169777,,93.48762215301394,0.0,1482.32373046875,,0.6887261544434105,0.15299991863724507,0.4744356601209443,0.6996608972549438,0.6771834797198899,0.36991672389746155,0.6968696713447571,1.0,0.08705706894397736,0.0,0.3719426869677579,0.15299991863724507,0.6887261544434105,0.4744356601209443,scib_metrics_yosef
