{
  "immune": [
    {
      "dataset": "immune",
      "method": "sparseNMF",
      "fit_seconds": 194.39700065925717,
      "infer_seconds": null,
      "metric_seconds": 95.35855574160814,
      "peak_rss_mb": 0.0,
      "gpu_peak_mb": 398.5830078125,
      "error": null,
      "_bio": 0.6448481866242683,
      "_batch": 0.45052082099656304,
      "_composite": 0.5671172403731862,
      "isolated_labels": 0.5502740740776062,
      "nmi_ari_cluster_labels_leiden_nmi": 0.6513169514028139,
      "nmi_ari_cluster_labels_leiden_ari": 0.4431044097466345,
      "silhouette_label": 0.5873937010765076,
      "clisi_knn": 0.9921517968177795,
      "bras": 0.459300696849823,
      "ilisi_knn": 0.08346688747406006,
      "graph_connectivity": 0.8087948786658061,
      "Batch correction": 0.45052082099656304,
      "Bio conservation": 0.6448481866242683,
      "Total": 0.5671172403731862,
      "_impl": "scib_metrics_yosef"
    }
  ],
  "lung": [
    {
      "dataset": "lung",
      "method": "sparseNMF",
      "fit_seconds": 182.10567978397012,
      "infer_seconds": null,
      "metric_seconds": 87.64631772041321,
      "peak_rss_mb": 0.0,
      "gpu_peak_mb": 438.71484375,
      "error": null,
      "_bio": 0.6407414759824034,
      "_batch": 0.47390116630279605,
      "_composite": 0.5740053521105605,
      "isolated_labels": 0.5339105129241943,
      "nmi_ari_cluster_labels_leiden_nmi": 0.675306515408028,
      "nmi_ari_cluster_labels_leiden_ari": 0.44649090995610724,
      "silhouette_label": 0.5532797574996948,
      "clisi_knn": 0.9947196841239929,
      "bras": 0.4873255491256714,
      "ilisi_knn": 0.062126558274030685,
      "graph_connectivity": 0.8722513728822345,
      "Batch correction": 0.47390116630279605,
      "Bio conservation": 0.6407414759824034,
      "Total": 0.5740053521105605,
      "_impl": "scib_metrics_yosef"
    }
  ],
  "pancreas": [
    {
      "dataset": "pancreas",
      "method": "sparseNMF",
      "fit_seconds": 100.41962670534849,
      "infer_seconds": null,
      "metric_seconds": 63.39647721871734,
      "peak_rss_mb": 0.0,
      "gpu_peak_mb": 430.14794921875,
      "error": null,
      "_bio": 0.6746490961610672,
      "_batch": 0.4749682807484468,
      "_composite": 0.594776769996019,
      "isolated_labels": 0.45208460092544556,
      "nmi_ari_cluster_labels_leiden_nmi": 0.7153828211605351,
      "nmi_ari_cluster_labels_leiden_ari": 0.4737085067746227,
      "silhouette_label": 0.7320696115493774,
      "clisi_knn": 0.9999999403953552,
      "bras": 0.5518630743026733,
      "ilisi_knn": 0.16922599077224731,
      "graph_connectivity": 0.7038157771704199,
      "Batch correction": 0.4749682807484468,
      "Bio conservation": 0.6746490961610672,
      "Total": 0.594776769996019,
      "_impl": "scib_metrics_yosef"
    }
  ],
  "sim1": [
    {
      "dataset": "sim1",
      "method": "sparseNMF",
      "fit_seconds": 278.44908211007714,
      "infer_seconds": null,
      "metric_seconds": 75.9090268239379,
      "peak_rss_mb": 0.0,
      "gpu_peak_mb": 1150.84228515625,
      "error": null,
      "_bio": 0.6850945171606495,
      "_batch": 0.1907961023609549,
      "_composite": 0.48737515124077163,
      "isolated_labels": 0.723806619644165,
      "nmi_ari_cluster_labels_leiden_nmi": 0.6990673551667612,
      "nmi_ari_cluster_labels_leiden_ari": 0.3149200354765743,
      "silhouette_label": 0.6876785755157471,
      "clisi_knn": 1.0,
      "bras": 0.1580749899148941,
      "ilisi_knn": 0.0,
      "graph_connectivity": 0.4143133171679706,
      "Batch correction": 0.1907961023609549,
      "Bio conservation": 0.6850945171606495,
      "Total": 0.48737515124077163,
      "_impl": "scib_metrics_yosef"
    }
  ],
  "sim2": [
    {
      "dataset": "sim2",
      "method": "sparseNMF",
      "fit_seconds": 494.0227776169777,
      "infer_seconds": null,
      "metric_seconds": 93.48762215301394,
      "peak_rss_mb": 0.0,
      "gpu_peak_mb": 1482.32373046875,
      "error": null,
      "_bio": 0.6887261544434105,
      "_batch": 0.15299991863724507,
      "_composite": 0.4744356601209443,
      "isolated_labels": 0.6996608972549438,
      "nmi_ari_cluster_labels_leiden_nmi": 0.6771834797198899,
      "nmi_ari_cluster_labels_leiden_ari": 0.36991672389746155,
      "silhouette_label": 0.6968696713447571,
      "clisi_knn": 1.0,
      "bras": 0.08705706894397736,
      "ilisi_knn": 0.0,
      "graph_connectivity": 0.3719426869677579,
      "Batch correction": 0.15299991863724507,
      "Bio conservation": 0.6887261544434105,
      "Total": 0.4744356601209443,
      "_impl": "scib_metrics_yosef"
    }
  ]
}