{
  "immune": [
    {
      "dataset": "immune",
      "method": "sparseNMF+batch",
      "k": 30,
      "fit_seconds": 4.942855931818485,
      "infer_seconds": null,
      "metric_seconds": 102.82638577371836,
      "peak_rss_mb": 0.0,
      "gpu_peak_mb": 519.1025390625,
      "error": null,
      "_bio": 0.6573657962231833,
      "_batch": 0.49420388608787263,
      "_composite": 0.592101032169059,
      "isolated_labels": 0.5480579733848572,
      "nmi_ari_cluster_labels_leiden_nmi": 0.6710688084380215,
      "nmi_ari_cluster_labels_leiden_ari": 0.5568664921053853,
      "silhouette_label": 0.515285313129425,
      "clisi_knn": 0.9955503940582275,
      "bras": 0.5678398609161377,
      "ilisi_knn": 0.10593369603157043,
      "graph_connectivity": 0.8088381311182322,
      "Batch correction": 0.49420388608787263,
      "Bio conservation": 0.6573657962231833,
      "Total": 0.592101032169059,
      "_impl": "scib_metrics_yosef"
    }
  ],
  "lung": [
    {
      "dataset": "lung",
      "method": "sparseNMF+batch",
      "k": 30,
      "fit_seconds": 6.406126566231251,
      "infer_seconds": null,
      "metric_seconds": 97.89249723404646,
      "peak_rss_mb": 0.0,
      "gpu_peak_mb": 354.68115234375,
      "error": null,
      "_bio": 0.6353070436307798,
      "_batch": 0.4709992161996035,
      "_composite": 0.5695839126583093,
      "isolated_labels": 0.5297850370407104,
      "nmi_ari_cluster_labels_leiden_nmi": 0.6232680982879926,
      "nmi_ari_cluster_labels_leiden_ari": 0.4741796836667186,
      "silhouette_label": 0.5547565817832947,
      "clisi_knn": 0.9945458173751831,
      "bras": 0.5338642001152039,
      "ilisi_knn": 0.06617020070552826,
      "graph_connectivity": 0.8129632328769173,
      "Batch correction": 0.4709992161996035,
      "Bio conservation": 0.6353070436307798,
      "Total": 0.5695839126583093,
      "_impl": "scib_metrics_yosef"
    }
  ],
  "pancreas": [
    {
      "dataset": "pancreas",
      "method": "sparseNMF+batch",
      "k": 30,
      "fit_seconds": 3.3719365522265434,
      "infer_seconds": null,
      "metric_seconds": 83.19909096509218,
      "peak_rss_mb": 0.0,
      "gpu_peak_mb": 225.77490234375,
      "error": null,
      "_bio": 0.7655771863803935,
      "_batch": 0.5407747191391872,
      "_composite": 0.675656199483911,
      "isolated_labels": 0.5207222700119019,
      "nmi_ari_cluster_labels_leiden_nmi": 0.8180358802299268,
      "nmi_ari_cluster_labels_leiden_ari": 0.8720160987682936,
      "silhouette_label": 0.6171116828918457,
      "clisi_knn": 1.0,
      "bras": 0.5904397368431091,
      "ilisi_knn": 0.2244318127632141,
      "graph_connectivity": 0.8074526078112383,
      "Batch correction": 0.5407747191391872,
      "Bio conservation": 0.7655771863803935,
      "Total": 0.675656199483911,
      "_impl": "scib_metrics_yosef"
    }
  ],
  "sim1": [
    {
      "dataset": "sim1",
      "method": "sparseNMF+batch",
      "k": 30,
      "fit_seconds": 2.5039426013827324,
      "infer_seconds": null,
      "metric_seconds": 69.76096258312464,
      "peak_rss_mb": 0.0,
      "gpu_peak_mb": 172.14599609375,
      "error": null,
      "_bio": 0.6618385451678003,
      "_batch": 0.34665560975250614,
      "_composite": 0.5357653710016825,
      "isolated_labels": 0.6834800839424133,
      "nmi_ari_cluster_labels_leiden_nmi": 0.6844835216177004,
      "nmi_ari_cluster_labels_leiden_ari": 0.2949580106978939,
      "silhouette_label": 0.6462711095809937,
      "clisi_knn": 1.0,
      "bras": 0.44911184906959534,
      "ilisi_knn": 2.3841858265427618e-08,
      "graph_connectivity": 0.5908549503856005,
      "Batch correction": 0.34665560975250614,
      "Bio conservation": 0.6618385451678003,
      "Total": 0.5357653710016825,
      "_impl": "scib_metrics_yosef"
    }
  ],
  "sim2": [
    {
      "dataset": "sim2",
      "method": "sparseNMF+batch",
      "k": 30,
      "fit_seconds": 5.596968926489353,
      "infer_seconds": null,
      "metric_seconds": 77.56475095450878,
      "peak_rss_mb": 0.0,
      "gpu_peak_mb": 276.24072265625,
      "error": null,
      "_bio": 0.6643403922287499,
      "_batch": 0.24341805814537776,
      "_composite": 0.49597145859540104,
      "isolated_labels": 0.6383628845214844,
      "nmi_ari_cluster_labels_leiden_nmi": 0.6771834797198899,
      "nmi_ari_cluster_labels_leiden_ari": 0.36991672389746155,
      "silhouette_label": 0.6362388730049133,
      "clisi_knn": 1.0,
      "bras": 0.364126980304718,
      "ilisi_knn": 0.0,
      "graph_connectivity": 0.36612719413141526,
      "Batch correction": 0.24341805814537776,
      "Bio conservation": 0.6643403922287499,
      "Total": 0.49597145859540104,
      "_impl": "scib_metrics_yosef"
    }
  ]
}