dataset,method,k,fit_seconds,infer_seconds,metric_seconds,peak_rss_mb,gpu_peak_mb,error,_bio,_batch,_composite,isolated_labels,nmi_ari_cluster_labels_leiden_nmi,nmi_ari_cluster_labels_leiden_ari,silhouette_label,clisi_knn,bras,ilisi_knn,graph_connectivity,Batch correction,Bio conservation,Total,_impl
pancreas,sparseNMF+batch,30,3.3719365522265434,,83.19909096509218,0.0,225.77490234375,,0.7655771863803935,0.5407747191391872,0.675656199483911,0.5207222700119019,0.8180358802299268,0.8720160987682936,0.6171116828918457,1.0,0.5904397368431091,0.2244318127632141,0.8074526078112383,0.5407747191391872,0.7655771863803935,0.675656199483911,scib_metrics_yosef
immune,sparseNMF+batch,30,4.942855931818485,,102.82638577371836,0.0,519.1025390625,,0.6573657962231833,0.49420388608787263,0.592101032169059,0.5480579733848572,0.6710688084380215,0.5568664921053853,0.515285313129425,0.9955503940582275,0.5678398609161377,0.10593369603157043,0.8088381311182322,0.49420388608787263,0.6573657962231833,0.592101032169059,scib_metrics_yosef
lung,sparseNMF+batch,30,6.406126566231251,,97.89249723404646,0.0,354.68115234375,,0.6353070436307798,0.4709992161996035,0.5695839126583093,0.5297850370407104,0.6232680982879926,0.4741796836667186,0.5547565817832947,0.9945458173751831,0.5338642001152039,0.06617020070552826,0.8129632328769173,0.4709992161996035,0.6353070436307798,0.5695839126583093,scib_metrics_yosef
sim1,sparseNMF+batch,30,2.5039426013827324,,69.76096258312464,0.0,172.14599609375,,0.6618385451678003,0.34665560975250614,0.5357653710016825,0.6834800839424133,0.6844835216177004,0.2949580106978939,0.6462711095809937,1.0,0.44911184906959534,2.3841858265427618e-08,0.5908549503856005,0.34665560975250614,0.6618385451678003,0.5357653710016825,scib_metrics_yosef
sim2,sparseNMF+batch,30,5.596968926489353,,77.56475095450878,0.0,276.24072265625,,0.6643403922287499,0.24341805814537776,0.49597145859540104,0.6383628845214844,0.6771834797198899,0.36991672389746155,0.6362388730049133,1.0,0.364126980304718,0.0,0.36612719413141526,0.24341805814537776,0.6643403922287499,0.49597145859540104,scib_metrics_yosef
