dataset,method,k,fit_seconds,infer_seconds,metric_seconds,peak_rss_mb,gpu_peak_mb,error,_bio,_batch,_composite,isolated_labels,nmi_ari_cluster_labels_leiden_nmi,nmi_ari_cluster_labels_leiden_ari,silhouette_label,clisi_knn,bras,ilisi_knn,graph_connectivity,Batch correction,Bio conservation,Total,_impl
pancreas,sparseNMF_supervised,300,7.084891203790903,,417.10134480148554,0.0,282.34130859375,,0.7225517956131348,0.5662370787676353,0.660025908874935,0.3433007597923279,0.8180758703039088,0.8679297656101229,0.583452582359314,1.0,0.6786764860153198,0.27094513177871704,0.749089618508869,0.5662370787676353,0.7225517956131348,0.660025908874935,scib_metrics_yosef
immune,sparseNMF_supervised,300,12.112498376518488,,367.02412513643503,0.0,593.3837890625,,0.6617716902852269,0.5761584895215833,0.6275264099797695,0.5252591371536255,0.6956607670616142,0.548791170196735,0.5422059893608093,0.9969413876533508,0.7688451409339905,0.09186024218797684,0.8677700928933634,0.5761584895215833,0.6617716902852269,0.6275264099797695,scib_metrics_yosef
lung,sparseNMF_supervised,300,13.220991909503937,,481.73479199409485,0.0,445.1943359375,,0.5526834489977527,0.5314752716231034,0.544200178047893,0.3957790434360504,0.5240000209106188,0.38866710558411094,0.46534597873687744,0.989625096321106,0.750026285648346,0.08200576901435852,0.7623937304042832,0.5314752716231034,0.5526834489977527,0.544200178047893,scib_metrics_yosef
sim1,sparseNMF_supervised,300,5.670341223478317,,243.97634453326464,0.0,214.13427734375,,0.7263033495569148,0.5461513268579447,0.6542425404773268,0.5616573095321655,0.8426216500461949,0.6784535918294129,0.5487841963768005,1.0,0.8318696618080139,0.012205814942717552,0.7943784796087157,0.5461513268579447,0.7263033495569148,0.6542425404773268,scib_metrics_yosef
sim2,sparseNMF_supervised,300,6.980556361377239,,391.71935483440757,0.0,336.828125,,0.6290241095945553,0.4152614862889412,0.5435190602723097,0.5495065450668335,0.6771883169330257,0.3699344464251882,0.5484912395477295,1.0,0.7588216662406921,0.0,0.4869627926261314,0.4152614862889412,0.6290241095945553,0.5435190602723097,scib_metrics_yosef
