{
  "immune": [
    {
      "dataset": "immune",
      "method": "sparseNMF_supervised",
      "k": 300,
      "fit_seconds": 12.112498376518488,
      "infer_seconds": null,
      "metric_seconds": 367.02412513643503,
      "peak_rss_mb": 0.0,
      "gpu_peak_mb": 593.3837890625,
      "error": null,
      "_bio": 0.6617716902852269,
      "_batch": 0.5761584895215833,
      "_composite": 0.6275264099797695,
      "isolated_labels": 0.5252591371536255,
      "nmi_ari_cluster_labels_leiden_nmi": 0.6956607670616142,
      "nmi_ari_cluster_labels_leiden_ari": 0.548791170196735,
      "silhouette_label": 0.5422059893608093,
      "clisi_knn": 0.9969413876533508,
      "bras": 0.7688451409339905,
      "ilisi_knn": 0.09186024218797684,
      "graph_connectivity": 0.8677700928933634,
      "Batch correction": 0.5761584895215833,
      "Bio conservation": 0.6617716902852269,
      "Total": 0.6275264099797695,
      "_impl": "scib_metrics_yosef"
    }
  ],
  "lung": [
    {
      "dataset": "lung",
      "method": "sparseNMF_supervised",
      "k": 300,
      "fit_seconds": 13.220991909503937,
      "infer_seconds": null,
      "metric_seconds": 481.73479199409485,
      "peak_rss_mb": 0.0,
      "gpu_peak_mb": 445.1943359375,
      "error": null,
      "_bio": 0.5526834489977527,
      "_batch": 0.5314752716231034,
      "_composite": 0.544200178047893,
      "isolated_labels": 0.3957790434360504,
      "nmi_ari_cluster_labels_leiden_nmi": 0.5240000209106188,
      "nmi_ari_cluster_labels_leiden_ari": 0.38866710558411094,
      "silhouette_label": 0.46534597873687744,
      "clisi_knn": 0.989625096321106,
      "bras": 0.750026285648346,
      "ilisi_knn": 0.08200576901435852,
      "graph_connectivity": 0.7623937304042832,
      "Batch correction": 0.5314752716231034,
      "Bio conservation": 0.5526834489977527,
      "Total": 0.544200178047893,
      "_impl": "scib_metrics_yosef"
    }
  ],
  "pancreas": [
    {
      "dataset": "pancreas",
      "method": "sparseNMF_supervised",
      "k": 300,
      "fit_seconds": 7.084891203790903,
      "infer_seconds": null,
      "metric_seconds": 417.10134480148554,
      "peak_rss_mb": 0.0,
      "gpu_peak_mb": 282.34130859375,
      "error": null,
      "_bio": 0.7225517956131348,
      "_batch": 0.5662370787676353,
      "_composite": 0.660025908874935,
      "isolated_labels": 0.3433007597923279,
      "nmi_ari_cluster_labels_leiden_nmi": 0.8180758703039088,
      "nmi_ari_cluster_labels_leiden_ari": 0.8679297656101229,
      "silhouette_label": 0.583452582359314,
      "clisi_knn": 1.0,
      "bras": 0.6786764860153198,
      "ilisi_knn": 0.27094513177871704,
      "graph_connectivity": 0.749089618508869,
      "Batch correction": 0.5662370787676353,
      "Bio conservation": 0.7225517956131348,
      "Total": 0.660025908874935,
      "_impl": "scib_metrics_yosef"
    }
  ],
  "sim1": [
    {
      "dataset": "sim1",
      "method": "sparseNMF_supervised",
      "k": 300,
      "fit_seconds": 5.670341223478317,
      "infer_seconds": null,
      "metric_seconds": 243.97634453326464,
      "peak_rss_mb": 0.0,
      "gpu_peak_mb": 214.13427734375,
      "error": null,
      "_bio": 0.7263033495569148,
      "_batch": 0.5461513268579447,
      "_composite": 0.6542425404773268,
      "isolated_labels": 0.5616573095321655,
      "nmi_ari_cluster_labels_leiden_nmi": 0.8426216500461949,
      "nmi_ari_cluster_labels_leiden_ari": 0.6784535918294129,
      "silhouette_label": 0.5487841963768005,
      "clisi_knn": 1.0,
      "bras": 0.8318696618080139,
      "ilisi_knn": 0.012205814942717552,
      "graph_connectivity": 0.7943784796087157,
      "Batch correction": 0.5461513268579447,
      "Bio conservation": 0.7263033495569148,
      "Total": 0.6542425404773268,
      "_impl": "scib_metrics_yosef"
    }
  ],
  "sim2": [
    {
      "dataset": "sim2",
      "method": "sparseNMF_supervised",
      "k": 300,
      "fit_seconds": 6.980556361377239,
      "infer_seconds": null,
      "metric_seconds": 391.71935483440757,
      "peak_rss_mb": 0.0,
      "gpu_peak_mb": 336.828125,
      "error": null,
      "_bio": 0.6290241095945553,
      "_batch": 0.4152614862889412,
      "_composite": 0.5435190602723097,
      "isolated_labels": 0.5495065450668335,
      "nmi_ari_cluster_labels_leiden_nmi": 0.6771883169330257,
      "nmi_ari_cluster_labels_leiden_ari": 0.3699344464251882,
      "silhouette_label": 0.5484912395477295,
      "clisi_knn": 1.0,
      "bras": 0.7588216662406921,
      "ilisi_knn": 0.0,
      "graph_connectivity": 0.4869627926261314,
      "Batch correction": 0.4152614862889412,
      "Bio conservation": 0.6290241095945553,
      "Total": 0.5435190602723097,
      "_impl": "scib_metrics_yosef"
    }
  ]
}