dataset,method,k,fit_seconds,infer_seconds,metric_seconds,peak_rss_mb,gpu_peak_mb,error,_bio,_batch,_composite,isolated_labels,nmi_ari_cluster_labels_leiden_nmi,nmi_ari_cluster_labels_leiden_ari,silhouette_label,clisi_knn,bras,ilisi_knn,graph_connectivity,Batch correction,Bio conservation,Total,_impl
sim2,sparseNMF,1000,764.7482343912125,,486.9145926423371,0.0,23843.39013671875,,0.6310187607585849,0.3331811715610048,0.5118837250795528,0.5396894812583923,0.6871646847924279,0.3896264971590659,0.5386131405830383,1.0,0.8214091062545776,7.947286206899662e-08,0.17813434882379195,0.3331811715610048,0.6310187607585849,0.5118837250795528,scib_metrics_yosef
