dataset,method,fit_seconds,infer_seconds,metric_seconds,peak_rss_mb,gpu_peak_mb,error,_bio,_batch,_composite,isolated_labels,nmi_ari_cluster_labels_leiden_nmi,nmi_ari_cluster_labels_leiden_ari,silhouette_label,clisi_knn,bras,ilisi_knn,graph_connectivity,Batch correction,Bio conservation,Total,_impl
pancreas,sparseNMF,99.7714708559215,,63.205078933387995,0.0,432.9892578125,,0.7136843721859396,0.4958542413580065,0.6265523198547663,0.5183717012405396,0.7764125768229159,0.6231486698070082,0.6504889130592346,1.0,0.5457772612571716,0.13195675611495972,0.8098287067018882,0.4958542413580065,0.7136843721859396,0.6265523198547663,scib_metrics_yosef
immune,sparseNMF,195.2294326685369,,95.54757517948747,0.0,403.38232421875,,0.6861688544646705,0.5154280373791201,0.6178725276304503,0.6039960980415344,0.6993378276500198,0.5454516188905565,0.586097002029419,0.9959617257118225,0.5881689190864563,0.08075348287820816,0.8773616878209543,0.5154280373791201,0.6861688544646705,0.6178725276304503,scib_metrics_yosef
lung,sparseNMF,177.5527440533042,,88.43539183959365,0.0,442.1796875,,0.6933243866494254,0.46676819249095436,0.602701908986037,0.6571038365364075,0.7177102230771305,0.5124592498809953,0.5801205039024353,0.9992281198501587,0.5018417239189148,0.03927081450819969,0.8591920353204582,0.46676819249095436,0.6933243866494254,0.602701908986037,scib_metrics_yosef
sim1,sparseNMF,282.163561321795,,76.48578912764788,0.0,1152.84521484375,,0.6701344626787866,0.1917451889083708,0.4787787531706203,0.7117424607276917,0.6844835216177004,0.2949580106978939,0.659488320350647,1.0,0.25817611813545227,0.0,0.3170594485896602,0.1917451889083708,0.6701344626787866,0.4787787531706203,scib_metrics_yosef
sim2,sparseNMF,506.02515333145857,,94.49235823377967,0.0,1486.55712890625,,0.6710567389694725,0.2114608334888919,0.4872183767772402,0.6550911664962769,0.6771834797198899,0.36991672389746155,0.6530923247337341,1.0,0.2643453776836395,0.0,0.37003712278303613,0.2114608334888919,0.6710567389694725,0.4872183767772402,scib_metrics_yosef
