{
  "immune": [
    {
      "dataset": "immune",
      "method": "sparseNMF",
      "fit_seconds": 195.2294326685369,
      "infer_seconds": null,
      "metric_seconds": 95.54757517948747,
      "peak_rss_mb": 0.0,
      "gpu_peak_mb": 403.38232421875,
      "error": null,
      "_bio": 0.6861688544646705,
      "_batch": 0.5154280373791201,
      "_composite": 0.6178725276304503,
      "isolated_labels": 0.6039960980415344,
      "nmi_ari_cluster_labels_leiden_nmi": 0.6993378276500198,
      "nmi_ari_cluster_labels_leiden_ari": 0.5454516188905565,
      "silhouette_label": 0.586097002029419,
      "clisi_knn": 0.9959617257118225,
      "bras": 0.5881689190864563,
      "ilisi_knn": 0.08075348287820816,
      "graph_connectivity": 0.8773616878209543,
      "Batch correction": 0.5154280373791201,
      "Bio conservation": 0.6861688544646705,
      "Total": 0.6178725276304503,
      "_impl": "scib_metrics_yosef"
    }
  ],
  "lung": [
    {
      "dataset": "lung",
      "method": "sparseNMF",
      "fit_seconds": 177.5527440533042,
      "infer_seconds": null,
      "metric_seconds": 88.43539183959365,
      "peak_rss_mb": 0.0,
      "gpu_peak_mb": 442.1796875,
      "error": null,
      "_bio": 0.6933243866494254,
      "_batch": 0.46676819249095436,
      "_composite": 0.602701908986037,
      "isolated_labels": 0.6571038365364075,
      "nmi_ari_cluster_labels_leiden_nmi": 0.7177102230771305,
      "nmi_ari_cluster_labels_leiden_ari": 0.5124592498809953,
      "silhouette_label": 0.5801205039024353,
      "clisi_knn": 0.9992281198501587,
      "bras": 0.5018417239189148,
      "ilisi_knn": 0.03927081450819969,
      "graph_connectivity": 0.8591920353204582,
      "Batch correction": 0.46676819249095436,
      "Bio conservation": 0.6933243866494254,
      "Total": 0.602701908986037,
      "_impl": "scib_metrics_yosef"
    }
  ],
  "pancreas": [
    {
      "dataset": "pancreas",
      "method": "sparseNMF",
      "fit_seconds": 99.7714708559215,
      "infer_seconds": null,
      "metric_seconds": 63.205078933387995,
      "peak_rss_mb": 0.0,
      "gpu_peak_mb": 432.9892578125,
      "error": null,
      "_bio": 0.7136843721859396,
      "_batch": 0.4958542413580065,
      "_composite": 0.6265523198547663,
      "isolated_labels": 0.5183717012405396,
      "nmi_ari_cluster_labels_leiden_nmi": 0.7764125768229159,
      "nmi_ari_cluster_labels_leiden_ari": 0.6231486698070082,
      "silhouette_label": 0.6504889130592346,
      "clisi_knn": 1.0,
      "bras": 0.5457772612571716,
      "ilisi_knn": 0.13195675611495972,
      "graph_connectivity": 0.8098287067018882,
      "Batch correction": 0.4958542413580065,
      "Bio conservation": 0.7136843721859396,
      "Total": 0.6265523198547663,
      "_impl": "scib_metrics_yosef"
    }
  ],
  "sim1": [
    {
      "dataset": "sim1",
      "method": "sparseNMF",
      "fit_seconds": 282.163561321795,
      "infer_seconds": null,
      "metric_seconds": 76.48578912764788,
      "peak_rss_mb": 0.0,
      "gpu_peak_mb": 1152.84521484375,
      "error": null,
      "_bio": 0.6701344626787866,
      "_batch": 0.1917451889083708,
      "_composite": 0.4787787531706203,
      "isolated_labels": 0.7117424607276917,
      "nmi_ari_cluster_labels_leiden_nmi": 0.6844835216177004,
      "nmi_ari_cluster_labels_leiden_ari": 0.2949580106978939,
      "silhouette_label": 0.659488320350647,
      "clisi_knn": 1.0,
      "bras": 0.25817611813545227,
      "ilisi_knn": 0.0,
      "graph_connectivity": 0.3170594485896602,
      "Batch correction": 0.1917451889083708,
      "Bio conservation": 0.6701344626787866,
      "Total": 0.4787787531706203,
      "_impl": "scib_metrics_yosef"
    }
  ],
  "sim2": [
    {
      "dataset": "sim2",
      "method": "sparseNMF",
      "fit_seconds": 506.02515333145857,
      "infer_seconds": null,
      "metric_seconds": 94.49235823377967,
      "peak_rss_mb": 0.0,
      "gpu_peak_mb": 1486.55712890625,
      "error": null,
      "_bio": 0.6710567389694725,
      "_batch": 0.2114608334888919,
      "_composite": 0.4872183767772402,
      "isolated_labels": 0.6550911664962769,
      "nmi_ari_cluster_labels_leiden_nmi": 0.6771834797198899,
      "nmi_ari_cluster_labels_leiden_ari": 0.36991672389746155,
      "silhouette_label": 0.6530923247337341,
      "clisi_knn": 1.0,
      "bras": 0.2643453776836395,
      "ilisi_knn": 0.0,
      "graph_connectivity": 0.37003712278303613,
      "Batch correction": 0.2114608334888919,
      "Bio conservation": 0.6710567389694725,
      "Total": 0.4872183767772402,
      "_impl": "scib_metrics_yosef"
    }
  ]
}