{
  "immune": [
    {
      "dataset": "immune",
      "method": "sparseNMF",
      "fit_seconds": 195.6961752437055,
      "infer_seconds": null,
      "metric_seconds": 296.98731868714094,
      "peak_rss_mb": 0.0,
      "gpu_peak_mb": 827.47021484375,
      "error": null,
      "_bio": 0.679082295292153,
      "_batch": 0.5457847113508513,
      "_composite": 0.6257632617156323,
      "isolated_labels": 0.560718834400177,
      "nmi_ari_cluster_labels_leiden_nmi": 0.7196060778056131,
      "nmi_ari_cluster_labels_leiden_ari": 0.5511997429849859,
      "silhouette_label": 0.5653771162033081,
      "clisi_knn": 0.9985097050666809,
      "bras": 0.7192412614822388,
      "ilisi_knn": 0.06546999514102936,
      "graph_connectivity": 0.8526428923304468,
      "Batch correction": 0.5457847113508513,
      "Bio conservation": 0.679082295292153,
      "Total": 0.6257632617156323,
      "_impl": "scib_metrics_yosef"
    }
  ],
  "lung": [
    {
      "dataset": "lung",
      "method": "sparseNMF",
      "fit_seconds": 180.66590375825763,
      "infer_seconds": null,
      "metric_seconds": 287.3762885630131,
      "peak_rss_mb": 0.0,
      "gpu_peak_mb": 818.69287109375,
      "error": null,
      "_bio": 0.658627436487192,
      "_batch": 0.4823943903698817,
      "_composite": 0.5881342180402679,
      "isolated_labels": 0.5997642874717712,
      "nmi_ari_cluster_labels_leiden_nmi": 0.713189377659738,
      "nmi_ari_cluster_labels_leiden_ari": 0.42113319572547153,
      "silhouette_label": 0.559185802936554,
      "clisi_knn": 0.9998645186424255,
      "bras": 0.6071010828018188,
      "ilisi_knn": 0.022099239751696587,
      "graph_connectivity": 0.8179828317923231,
      "Batch correction": 0.4823943903698817,
      "Bio conservation": 0.658627436487192,
      "Total": 0.5881342180402679,
      "_impl": "scib_metrics_yosef"
    }
  ],
  "pancreas": [
    {
      "dataset": "pancreas",
      "method": "sparseNMF",
      "fit_seconds": 100.22438529506326,
      "infer_seconds": null,
      "metric_seconds": 114.73194632306695,
      "peak_rss_mb": 0.0,
      "gpu_peak_mb": 947.20361328125,
      "error": null,
      "_bio": 0.7973108692658641,
      "_batch": 0.5811646195689929,
      "_composite": 0.7108523693871156,
      "isolated_labels": 0.584443211555481,
      "nmi_ari_cluster_labels_leiden_nmi": 0.8586389200292118,
      "nmi_ari_cluster_labels_leiden_ari": 0.8955032668572074,
      "silhouette_label": 0.6480730175971985,
      "clisi_knn": 0.9998959302902222,
      "bras": 0.6808215379714966,
      "ilisi_knn": 0.18964433670043945,
      "graph_connectivity": 0.8730279840350427,
      "Batch correction": 0.5811646195689929,
      "Bio conservation": 0.7973108692658641,
      "Total": 0.7108523693871156,
      "_impl": "scib_metrics_yosef"
    }
  ],
  "sim1": [
    {
      "dataset": "sim1",
      "method": "sparseNMF",
      "fit_seconds": 280.72694624587893,
      "infer_seconds": null,
      "metric_seconds": 105.5606768913567,
      "peak_rss_mb": 0.0,
      "gpu_peak_mb": 2764.86181640625,
      "error": null,
      "_bio": 0.6415732402603964,
      "_batch": 0.5449831236164865,
      "_composite": 0.6029371936028325,
      "isolated_labels": 0.5930953621864319,
      "nmi_ari_cluster_labels_leiden_nmi": 0.7097891669049958,
      "nmi_ari_cluster_labels_leiden_ari": 0.3300692433546582,
      "silhouette_label": 0.574912428855896,
      "clisi_knn": 1.0,
      "bras": 0.7374909520149231,
      "ilisi_knn": 0.0017801523208618164,
      "graph_connectivity": 0.8956782665136743,
      "Batch correction": 0.5449831236164865,
      "Bio conservation": 0.6415732402603964,
      "Total": 0.6029371936028325,
      "_impl": "scib_metrics_yosef"
    }
  ],
  "sim2": [
    {
      "dataset": "sim2",
      "method": "sparseNMF",
      "fit_seconds": 513.3937148451805,
      "infer_seconds": null,
      "metric_seconds": 159.75850677490234,
      "peak_rss_mb": 0.0,
      "gpu_peak_mb": 3123.59375,
      "error": null,
      "_bio": 0.637384823438314,
      "_batch": 0.32494930042307135,
      "_composite": 0.5124106142322169,
      "isolated_labels": 0.5707060694694519,
      "nmi_ari_cluster_labels_leiden_nmi": 0.6771834797198899,
      "nmi_ari_cluster_labels_leiden_ari": 0.36991672389746155,
      "silhouette_label": 0.5691178441047668,
      "clisi_knn": 1.0,
      "bras": 0.6347358822822571,
      "ilisi_knn": 0.0,
      "graph_connectivity": 0.340112018986957,
      "Batch correction": 0.32494930042307135,
      "Bio conservation": 0.637384823438314,
      "Total": 0.5124106142322169,
      "_impl": "scib_metrics_yosef"
    }
  ]
}