dataset,method,fit_seconds,infer_seconds,metric_seconds,peak_rss_mb,gpu_peak_mb,error,_bio,_batch,_composite,isolated_labels,nmi_ari_cluster_labels_leiden_nmi,nmi_ari_cluster_labels_leiden_ari,silhouette_label,clisi_knn,bras,ilisi_knn,graph_connectivity,Batch correction,Bio conservation,Total,_impl
pancreas,sparseNMF,100.22438529506326,,114.73194632306695,0.0,947.20361328125,,0.7973108692658641,0.5811646195689929,0.7108523693871156,0.584443211555481,0.8586389200292118,0.8955032668572074,0.6480730175971985,0.9998959302902222,0.6808215379714966,0.18964433670043945,0.8730279840350427,0.5811646195689929,0.7973108692658641,0.7108523693871156,scib_metrics_yosef
immune,sparseNMF,195.6961752437055,,296.98731868714094,0.0,827.47021484375,,0.679082295292153,0.5457847113508513,0.6257632617156323,0.560718834400177,0.7196060778056131,0.5511997429849859,0.5653771162033081,0.9985097050666809,0.7192412614822388,0.06546999514102936,0.8526428923304468,0.5457847113508513,0.679082295292153,0.6257632617156323,scib_metrics_yosef
lung,sparseNMF,180.66590375825763,,287.3762885630131,0.0,818.69287109375,,0.658627436487192,0.4823943903698817,0.5881342180402679,0.5997642874717712,0.713189377659738,0.42113319572547153,0.559185802936554,0.9998645186424255,0.6071010828018188,0.022099239751696587,0.8179828317923231,0.4823943903698817,0.658627436487192,0.5881342180402679,scib_metrics_yosef
sim1,sparseNMF,280.72694624587893,,105.5606768913567,0.0,2764.86181640625,,0.6415732402603964,0.5449831236164865,0.6029371936028325,0.5930953621864319,0.7097891669049958,0.3300692433546582,0.574912428855896,1.0,0.7374909520149231,0.0017801523208618164,0.8956782665136743,0.5449831236164865,0.6415732402603964,0.6029371936028325,scib_metrics_yosef
sim2,sparseNMF,513.3937148451805,,159.75850677490234,0.0,3123.59375,,0.637384823438314,0.32494930042307135,0.5124106142322169,0.5707060694694519,0.6771834797198899,0.36991672389746155,0.5691178441047668,1.0,0.6347358822822571,0.0,0.340112018986957,0.32494930042307135,0.637384823438314,0.5124106142322169,scib_metrics_yosef
