dataset,method,fit_seconds,infer_seconds,metric_seconds,peak_rss_mb,gpu_peak_mb,error,_bio,_batch,_composite,isolated_labels,nmi_ari_cluster_labels_leiden_nmi,nmi_ari_cluster_labels_leiden_ari,silhouette_label,clisi_knn,bras,ilisi_knn,graph_connectivity,Batch correction,Bio conservation,Total,_impl
pancreas,sparseNMF,99.95550062134862,,94.66633270308375,0.0,604.7783203125,,0.7884140945555058,0.5500976632660809,0.6930875220397359,0.5491253733634949,0.8632198036719927,0.896294278343207,0.633431077003479,0.9999999403953552,0.6324629187583923,0.1633397936820984,0.854490277357752,0.5500976632660809,0.7884140945555058,0.6930875220397359,scib_metrics_yosef
immune,sparseNMF,189.18703920394182,,203.96139912679791,0.0,570.40478515625,,0.6870102121840296,0.5256103175632858,0.6224502543357321,0.6140010952949524,0.6973151727291734,0.5371596424062146,0.5892143845558167,0.9973607659339905,0.6337599158287048,0.06532173603773117,0.8777492933728407,0.5256103175632858,0.6870102121840296,0.6224502543357321,scib_metrics_yosef
lung,sparseNMF,183.8426669202745,,188.78055570274591,0.0,555.34423828125,,0.6800734070608352,0.4844666081737936,0.6018306875060185,0.6226344704627991,0.7283838028911801,0.47504728070324875,0.574301540851593,0.9999999403953552,0.5416258573532104,0.02294783666729927,0.8888261193250002,0.4844666081737936,0.6800734070608352,0.6018306875060185,scib_metrics_yosef
sim1,sparseNMF,283.56296982988715,,91.49035331234336,0.0,1690.07373046875,,0.6493109800672011,0.43941012380957606,0.565350637564151,0.6468215584754944,0.6901155384645971,0.3019834378372901,0.6076343655586243,1.0,0.5836747884750366,4.7683716530855236e-08,0.7345555233490468,0.43941012380957606,0.6493109800672011,0.565350637564151,scib_metrics_yosef
sim2,sparseNMF,508.24063726887107,,128.41750716790557,0.0,1973.2861328125,,0.6487432395187889,0.2846728704727804,0.5031150919003855,0.5992279648780823,0.6771834797198899,0.36991672389746155,0.5973880290985107,1.0,0.4960983991622925,0.0,0.35792021225604875,0.2846728704727804,0.6487432395187889,0.5031150919003855,scib_metrics_yosef
