{
  "immune": [
    {
      "dataset": "immune",
      "method": "sparseNMF",
      "fit_seconds": 189.18703920394182,
      "infer_seconds": null,
      "metric_seconds": 203.96139912679791,
      "peak_rss_mb": 0.0,
      "gpu_peak_mb": 570.40478515625,
      "error": null,
      "_bio": 0.6870102121840296,
      "_batch": 0.5256103175632858,
      "_composite": 0.6224502543357321,
      "isolated_labels": 0.6140010952949524,
      "nmi_ari_cluster_labels_leiden_nmi": 0.6973151727291734,
      "nmi_ari_cluster_labels_leiden_ari": 0.5371596424062146,
      "silhouette_label": 0.5892143845558167,
      "clisi_knn": 0.9973607659339905,
      "bras": 0.6337599158287048,
      "ilisi_knn": 0.06532173603773117,
      "graph_connectivity": 0.8777492933728407,
      "Batch correction": 0.5256103175632858,
      "Bio conservation": 0.6870102121840296,
      "Total": 0.6224502543357321,
      "_impl": "scib_metrics_yosef"
    }
  ],
  "lung": [
    {
      "dataset": "lung",
      "method": "sparseNMF",
      "fit_seconds": 183.8426669202745,
      "infer_seconds": null,
      "metric_seconds": 188.78055570274591,
      "peak_rss_mb": 0.0,
      "gpu_peak_mb": 555.34423828125,
      "error": null,
      "_bio": 0.6800734070608352,
      "_batch": 0.4844666081737936,
      "_composite": 0.6018306875060185,
      "isolated_labels": 0.6226344704627991,
      "nmi_ari_cluster_labels_leiden_nmi": 0.7283838028911801,
      "nmi_ari_cluster_labels_leiden_ari": 0.47504728070324875,
      "silhouette_label": 0.574301540851593,
      "clisi_knn": 0.9999999403953552,
      "bras": 0.5416258573532104,
      "ilisi_knn": 0.02294783666729927,
      "graph_connectivity": 0.8888261193250002,
      "Batch correction": 0.4844666081737936,
      "Bio conservation": 0.6800734070608352,
      "Total": 0.6018306875060185,
      "_impl": "scib_metrics_yosef"
    }
  ],
  "pancreas": [
    {
      "dataset": "pancreas",
      "method": "sparseNMF",
      "fit_seconds": 99.95550062134862,
      "infer_seconds": null,
      "metric_seconds": 94.66633270308375,
      "peak_rss_mb": 0.0,
      "gpu_peak_mb": 604.7783203125,
      "error": null,
      "_bio": 0.7884140945555058,
      "_batch": 0.5500976632660809,
      "_composite": 0.6930875220397359,
      "isolated_labels": 0.5491253733634949,
      "nmi_ari_cluster_labels_leiden_nmi": 0.8632198036719927,
      "nmi_ari_cluster_labels_leiden_ari": 0.896294278343207,
      "silhouette_label": 0.633431077003479,
      "clisi_knn": 0.9999999403953552,
      "bras": 0.6324629187583923,
      "ilisi_knn": 0.1633397936820984,
      "graph_connectivity": 0.854490277357752,
      "Batch correction": 0.5500976632660809,
      "Bio conservation": 0.7884140945555058,
      "Total": 0.6930875220397359,
      "_impl": "scib_metrics_yosef"
    }
  ],
  "sim1": [
    {
      "dataset": "sim1",
      "method": "sparseNMF",
      "fit_seconds": 283.56296982988715,
      "infer_seconds": null,
      "metric_seconds": 91.49035331234336,
      "peak_rss_mb": 0.0,
      "gpu_peak_mb": 1690.07373046875,
      "error": null,
      "_bio": 0.6493109800672011,
      "_batch": 0.43941012380957606,
      "_composite": 0.565350637564151,
      "isolated_labels": 0.6468215584754944,
      "nmi_ari_cluster_labels_leiden_nmi": 0.6901155384645971,
      "nmi_ari_cluster_labels_leiden_ari": 0.3019834378372901,
      "silhouette_label": 0.6076343655586243,
      "clisi_knn": 1.0,
      "bras": 0.5836747884750366,
      "ilisi_knn": 4.7683716530855236e-08,
      "graph_connectivity": 0.7345555233490468,
      "Batch correction": 0.43941012380957606,
      "Bio conservation": 0.6493109800672011,
      "Total": 0.565350637564151,
      "_impl": "scib_metrics_yosef"
    }
  ],
  "sim2": [
    {
      "dataset": "sim2",
      "method": "sparseNMF",
      "fit_seconds": 508.24063726887107,
      "infer_seconds": null,
      "metric_seconds": 128.41750716790557,
      "peak_rss_mb": 0.0,
      "gpu_peak_mb": 1973.2861328125,
      "error": null,
      "_bio": 0.6487432395187889,
      "_batch": 0.2846728704727804,
      "_composite": 0.5031150919003855,
      "isolated_labels": 0.5992279648780823,
      "nmi_ari_cluster_labels_leiden_nmi": 0.6771834797198899,
      "nmi_ari_cluster_labels_leiden_ari": 0.36991672389746155,
      "silhouette_label": 0.5973880290985107,
      "clisi_knn": 1.0,
      "bras": 0.4960983991622925,
      "ilisi_knn": 0.0,
      "graph_connectivity": 0.35792021225604875,
      "Batch correction": 0.2846728704727804,
      "Bio conservation": 0.6487432395187889,
      "Total": 0.5031150919003855,
      "_impl": "scib_metrics_yosef"
    }
  ]
}