{
  "immune": [
    {
      "dataset": "immune",
      "method": "Harmony",
      "fit_seconds": 2.021881239488721,
      "infer_seconds": null,
      "metric_seconds": 17.43229720601812,
      "total_seconds": 19.45417844550684,
      "peak_rss_mb": 0.0,
      "gpu_peak_mb": 0.0,
      "error": null,
      "isolated_labels": 0.639466404914856,
      "nmi_ari_cluster_labels_leiden_nmi": 0.8116122119244672,
      "nmi_ari_cluster_labels_leiden_ari": 0.6836300932028481,
      "silhouette_label": 0.6133781671524048,
      "clisi_knn": 0.9977152347564696,
      "bras": 0.7041252255439758,
      "ilisi_knn": 0.2617634236812591,
      "graph_connectivity": 0.7681087364226341,
      "Batch correction": 0.5779991186151823,
      "Bio conservation": 0.7491604223902091,
      "Total": 0.6806959008801983,
      "_bio": 0.7491604223902091,
      "_batch": 0.5779991186151823,
      "_composite": 0.6806959008801983
    },
    {
      "dataset": "immune",
      "method": "NMF",
      "fit_seconds": 19.146857920102775,
      "infer_seconds": 0.720991644077003,
      "metric_seconds": 17.123199813067913,
      "total_seconds": 36.99104937724769,
      "peak_rss_mb": 0.0,
      "gpu_peak_mb": 0.0,
      "error": null,
      "isolated_labels": 0.6667368412017822,
      "nmi_ari_cluster_labels_leiden_nmi": 0.7199157087313713,
      "nmi_ari_cluster_labels_leiden_ari": 0.4326102824120578,
      "silhouette_label": 0.558979868888855,
      "clisi_knn": 0.9985087513923644,
      "bras": 0.5211654901504517,
      "ilisi_knn": 0.1016001179814338,
      "graph_connectivity": 0.6570425459699218,
      "Batch correction": 0.4266027155504089,
      "Bio conservation": 0.6753502905252862,
      "Total": 0.5758512605353353,
      "_bio": 0.6753502905252862,
      "_batch": 0.4266027155504089,
      "_composite": 0.5758512605353353
    },
    {
      "dataset": "immune",
      "method": "PCA",
      "fit_seconds": 1.0016257897950709,
      "infer_seconds": 0.0113462279550731,
      "metric_seconds": 40.93992192391306,
      "total_seconds": 41.952893941663206,
      "peak_rss_mb": 0.0,
      "gpu_peak_mb": 0.0,
      "error": null,
      "isolated_labels": 0.651149570941925,
      "nmi_ari_cluster_labels_leiden_nmi": 0.7205285458525374,
      "nmi_ari_cluster_labels_leiden_ari": 0.4286083458427562,
      "silhouette_label": 0.5398877859115601,
      "clisi_knn": 0.998409628868103,
      "bras": 0.4803968667984009,
      "ilisi_knn": 0.112202800810337,
      "graph_connectivity": 0.7159216718835405,
      "Batch correction": 0.4361737872813401,
      "Bio conservation": 0.6677167754833764,
      "Total": 0.5750995802025618,
      "_bio": 0.6677167754833764,
      "_batch": 0.4361737872813401,
      "_composite": 0.5750995802025618
    },
    {
      "dataset": "immune",
      "method": "scVI",
      "fit_seconds": 69.76143229752779,
      "infer_seconds": 0.0847308486700058,
      "metric_seconds": 15.153221275657415,
      "total_seconds": 84.99938442185521,
      "peak_rss_mb": 0.0,
      "gpu_peak_mb": 52.25927734375,
      "error": null,
      "isolated_labels": 0.6024298667907715,
      "nmi_ari_cluster_labels_leiden_nmi": 0.8350731842027084,
      "nmi_ari_cluster_labels_leiden_ari": 0.7747058749687148,
      "silhouette_label": 0.5703148245811462,
      "clisi_knn": 0.996989369392395,
      "bras": 0.7732430696487427,
      "ilisi_knn": 0.2084456086158752,
      "graph_connectivity": 0.8483957348819452,
      "Batch correction": 0.610028137715521,
      "Bio conservation": 0.7559026239871471,
      "Total": 0.6975528294784967,
      "_bio": 0.7559026239871471,
      "_batch": 0.610028137715521,
      "_composite": 0.6975528294784967
    },
    {
      "dataset": "immune",
      "method": "sparseNMF",
      "fit_seconds": 203.00628531351688,
      "infer_seconds": null,
      "metric_seconds": 38.83817369490862,
      "total_seconds": 241.84445900842547,
      "peak_rss_mb": 0.0,
      "gpu_peak_mb": 372.37939453125,
      "error": null,
      "isolated_labels": 0.6206905245780945,
      "nmi_ari_cluster_labels_leiden_nmi": 0.7332423985657494,
      "nmi_ari_cluster_labels_leiden_ari": 0.5694745142334336,
      "silhouette_label": 0.5782600045204163,
      "clisi_knn": 0.9903651475906372,
      "bras": 0.5826667547225952,
      "ilisi_knn": 0.1287105828523636,
      "graph_connectivity": 0.8829296093415512,
      "Batch correction": 0.5314356440051163,
      "Bio conservation": 0.6984065178976662,
      "Total": 0.6316181683406462,
      "_bio": 0.6984065178976662,
      "_batch": 0.5314356440051163,
      "_composite": 0.6316181683406462
    }
  ],
  "pancreas": [
    {
      "dataset": "pancreas",
      "method": "Harmony",
      "fit_seconds": 2.045063028577715,
      "infer_seconds": null,
      "metric_seconds": 10.007026828825474,
      "total_seconds": 12.052089857403187,
      "peak_rss_mb": 0.0,
      "gpu_peak_mb": 0.0,
      "error": null,
      "isolated_labels": 0.8120961785316467,
      "nmi_ari_cluster_labels_leiden_nmi": 0.9034547557411324,
      "nmi_ari_cluster_labels_leiden_ari": 0.9119280973232632,
      "silhouette_label": 0.6719598770141602,
      "clisi_knn": 1.0,
      "bras": 0.8213714361190796,
      "ilisi_knn": 0.3358763754367828,
      "graph_connectivity": 0.9111366807138976,
      "Batch correction": 0.6894614874891459,
      "Bio conservation": 0.8598877817220405,
      "Total": 0.7917172640288828,
      "_bio": 0.8598877817220405,
      "_batch": 0.6894614874891459,
      "_composite": 0.7917172640288828
    },
    {
      "dataset": "pancreas",
      "method": "NMF",
      "fit_seconds": 16.535193299874663,
      "infer_seconds": 0.427276873961091,
      "metric_seconds": 9.77305863518268,
      "total_seconds": 26.735528809018433,
      "peak_rss_mb": 0.0,
      "gpu_peak_mb": 0.0,
      "error": null,
      "isolated_labels": 0.6251407265663147,
      "nmi_ari_cluster_labels_leiden_nmi": 0.7710402922863183,
      "nmi_ari_cluster_labels_leiden_ari": 0.5744501441161693,
      "silhouette_label": 0.5718590021133423,
      "clisi_knn": 1.0,
      "bras": 0.4362710416316986,
      "ilisi_knn": 0.0176329314708709,
      "graph_connectivity": 0.8852740391926621,
      "Batch correction": 0.4463926707650772,
      "Bio conservation": 0.708498033016429,
      "Total": 0.6036558881158882,
      "_bio": 0.708498033016429,
      "_batch": 0.4463926707650772,
      "_composite": 0.6036558881158882
    },
    {
      "dataset": "pancreas",
      "method": "PCA",
      "fit_seconds": 1.8818385829217732,
      "infer_seconds": 0.0106434267945587,
      "metric_seconds": 44.0189647693187,
      "total_seconds": 45.91144677903503,
      "peak_rss_mb": 0.0,
      "gpu_peak_mb": 0.0,
      "error": null,
      "isolated_labels": 0.8476605415344238,
      "nmi_ari_cluster_labels_leiden_nmi": 0.7670888819000223,
      "nmi_ari_cluster_labels_leiden_ari": 0.557196722127089,
      "silhouette_label": 0.5941224098205566,
      "clisi_knn": 1.0,
      "bras": 0.472993940114975,
      "ilisi_knn": 0.0185117572546005,
      "graph_connectivity": 0.9183817300482224,
      "Batch correction": 0.4699624708388789,
      "Bio conservation": 0.7532137110764184,
      "Total": 0.6399132149814026,
      "_bio": 0.7532137110764184,
      "_batch": 0.4699624708388789,
      "_composite": 0.6399132149814026
    },
    {
      "dataset": "pancreas",
      "method": "scVI",
      "fit_seconds": 52.56526933610439,
      "infer_seconds": 0.0574186742305755,
      "metric_seconds": 10.995916705578566,
      "total_seconds": 63.618604715913534,
      "peak_rss_mb": 0.0,
      "gpu_peak_mb": 52.2568359375,
      "error": null,
      "isolated_labels": 0.7747997045516968,
      "nmi_ari_cluster_labels_leiden_nmi": 0.9119644376175448,
      "nmi_ari_cluster_labels_leiden_ari": 0.9197937930117112,
      "silhouette_label": 0.6126852035522461,
      "clisi_knn": 1.0,
      "bras": 0.668661892414093,
      "ilisi_knn": 0.109181061387062,
      "graph_connectivity": 0.8940250555012087,