{
  "pancreas": [
    {
      "method": "PCA",
      "fit_seconds": 2.2403172538615763,
      "infer_seconds": 0.05320245819166303,
      "metric_seconds": 78.7685551745817,
      "total_seconds": 81.06207488663495,
      "peak_rss_mb": 0.0,
      "gpu_peak_mb": 0.0,
      "error": null,
      "NMI_cluster/label": 0.6203138552678475,
      "ARI_cluster/label": 0.4227595600210719,
      "ASW_label": 0.13440200686454773,
      "ASW_label/batch": 0.712519645690918,
      "isolated_label_F1": 0.04129793510324484,
      "isolated_label_silhouette": 0.9874661564826965,
      "graph_conn": 0.8050643987928945,
      "_bio": 0.44124790274788167,
      "_batch": 0.8050643987928945,
      "_composite": 0.5867745011658868
    },
    {
      "method": "NMF",
      "fit_seconds": 78.9951306222938,
      "infer_seconds": 1.2179538449272513,
      "metric_seconds": 54.333095573820174,
      "total_seconds": 134.54618004104123,
      "peak_rss_mb": 0.0,
      "gpu_peak_mb": 0.0,
      "error": null,
      "NMI_cluster/label": 0.6533111665786386,
      "ARI_cluster/label": 0.4626471347313352,
      "ASW_label": 0.13427752256393433,
      "ASW_label/batch": 0.7281689047813416,
      "isolated_label_F1": 0.04142011834319527,
      "isolated_label_silhouette": 0.9822143316268921,
      "graph_conn": 0.8320027330182916,
      "_bio": 0.4547740547687991,
      "_batch": 0.8320027330182916,
      "_composite": 0.6056655260685961
    },
    {
      "method": "sparseNMF",
      "fit_seconds": 286.7669384870678,
      "infer_seconds": null,
      "metric_seconds": 59.36317260097712,
      "total_seconds": 346.13011108804494,
      "peak_rss_mb": 576.1640625,
      "gpu_peak_mb": 4215.69482421875,
      "error": null,
      "NMI_cluster/label": 0.7946487499479582,
      "ARI_cluster/label": 0.7528379035220301,
      "ASW_label": 0.6236190944910049,
      "ASW_label/batch": 0.7769662141799927,
      "isolated_label_F1": 0.06763285024154589,
      "isolated_label_silhouette": 0.6451245546340942,
      "graph_conn": 0.8894789960474184,
      "_bio": 0.5767726305673266,
      "_batch": 0.8894789960474184,
      "_composite": 0.7018551767593634
    },
    {
      "method": "Harmony",
      "fit_seconds": 2.8172958833165467,
      "infer_seconds": null,
      "metric_seconds": 52.02275845827535,
      "total_seconds": 54.840054341591895,
      "peak_rss_mb": 2.484375,
      "gpu_peak_mb": 8.125,
      "error": null,
      "NMI_cluster/label": 0.5657005167513199,
      "ARI_cluster/label": 0.30972592992955533,
      "ASW_label": 0.13886638711639954,
      "ASW_label/batch": 0.6545344952551533,
      "isolated_label_F1": 0.017543859649122806,
      "isolated_label_silhouette": 0.9644021770999425,
      "graph_conn": 0.7133814514045833,
      "_bio": 0.39924777410926804,
      "_batch": 0.7133814514045833,
      "_composite": 0.5249012450273941
    },
    {
      "method": "scVI",
      "fit_seconds": 43.230027948040515,
      "infer_seconds": 0.09040656592696905,
      "metric_seconds": 58.85582743305713,
      "total_seconds": 102.17626194702461,
      "peak_rss_mb": 0.0,
      "gpu_peak_mb": 353.6357421875,
      "error": null,
      "NMI_cluster/label": 0.8416805842149765,
      "ARI_cluster/label": 0.7442214066598847,
      "ASW_label": 0.5795263350009918,
      "ASW_label/batch": 0.8608065843582153,
      "isolated_label_F1": 0.1044776119402985,
      "isolated_label_silhouette": 0.7643980979919434,
      "graph_conn": 0.9623531102860273,
      "_bio": 0.606860807161619,
      "_batch": 0.9623531102860273,
      "_composite": 0.7490577284113824
    }
  ],
  "immune": [
    {
      "method": "PCA",
      "fit_seconds": 2.305181940086186,
      "infer_seconds": 0.04751022066920996,
      "metric_seconds": 234.34172727027908,
      "total_seconds": 236.69441943103448,
      "peak_rss_mb": 455.703125,
      "gpu_peak_mb": 8.125,
      "error": null,
      "NMI_cluster/label": 0.5866132301447972,
      "ARI_cluster/label": 0.43251110671057336,
      "ASW_label": 0.3661699891090393,
      "ASW_label/batch": 0.7923994660377502,
      "isolated_label_F1": 0.52677425139388,
      "isolated_label_silhouette": 0.4102773666381836,
      "graph_conn": 0.8760590011109737,
      "_bio": 0.46446918879929466,
      "_batch": 0.8760590011109737,
      "_composite": 0.6291051137239663
    },
    {
      "method": "NMF",
      "fit_seconds": 119.08010232588276,
      "infer_seconds": 2.5884396601468325,
      "metric_seconds": 258.4977197339758,
      "total_seconds": 380.1662617200054,
      "peak_rss_mb": 0.0,
      "gpu_peak_mb": 8.125,
      "error": null,
      "NMI_cluster/label": 0.41713602250707943,
      "ARI_cluster/label": 0.1577500512939246,
      "ASW_label": 0.3519299477338791,
      "ASW_label/batch": 0.7954752445220947,
      "isolated_label_F1": 0.4719826515169652,
      "isolated_label_silhouette": 0.39446744322776794,
      "graph_conn": 0.8206646502516627,
      "_bio": 0.35865322325592325,
      "_batch": 0.8206646502516627,
      "_composite": 0.543457794054219
    },
    {
      "method": "sparseNMF",
      "fit_seconds": 384.67240864085034,
      "infer_seconds": null,
      "metric_seconds": 243.15441566705704,
      "total_seconds": 627.8268243079074,
      "peak_rss_mb": 0.0,
      "gpu_peak_mb": 2198.0400390625,
      "error": null,
      "NMI_cluster/label": 0.6702411023950593,
      "ARI_cluster/label": 0.4696638423632571,
      "ASW_label": 0.5392034463584423,
      "ASW_label/batch": 0.8478087186813354,
      "isolated_label_F1": 0.8256159218829193,
      "isolated_label_silhouette": 0.6257789134979248,
      "graph_conn": 0.9082119958518904,
      "_bio": 0.6261006452995206,
      "_batch": 0.9082119958518904,
      "_composite": 0.7389451855204685
    },
    {
      "method": "Harmony",
      "fit_seconds": 2.224674176890403,
      "infer_seconds": null,
      "metric_seconds": 276.8449164777994,
      "total_seconds": 279.0695906546898,
      "peak_rss_mb": 0.0,
      "gpu_peak_mb": 8.125,
      "error": null,
      "NMI_cluster/label": 0.5655363448580687,
      "ARI_cluster/label": 0.3994957167363311,
      "ASW_label": 0.35570581304487214,
      "ASW_label/batch": 0.7883753696195029,
      "isolated_label_F1": 0.5841310566248713,
      "isolated_label_silhouette": 0.3984980376613002,
      "graph_conn": 0.8858962172466156,
      "_bio": 0.4606733937850887,
      "_batch": 0.8858962172466156,
      "_composite": 0.6307625231696994
    },
    {
      "method": "scVI",
      "fit_seconds": 56.20860985200852,
      "infer_seconds": 0.10135415429249406,
      "metric_seconds": 211.11944229900837,
      "total_seconds": 267.4294063053094,
      "peak_rss_mb": 0.0,
      "gpu_peak_mb": 233.92041015625,
      "error": null,
      "NMI_cluster/label": 0.8056248831424523,
      "ARI_cluster/label": 0.6868502841126759,
      "ASW_label": 0.5857361182570457,
      "ASW_label/batch": 0.884698748588562,
      "isolated_label_F1": 0.8460165892907435,
      "isolated_label_silhouette": 0.6135036945343018,
      "graph_conn": 0.9914691956590971,
      "_bio": 0.7075463138674438,
      "_batch": 0.9914691956590971,
      "_composite": 0.8211154665841052
    }
  ]
}